STATE,FDID,INC_DATE,INC_NO,EXP_NO,INC_TYPE,AID,ALARM,ARRIVAL,INC_CONT,LU_CLEAR,SHIFT,ALARMS,FF_DEATH,OTH_DEATH,FF_INJ,OTH_INJ,PROP_LOSS,CONT_LOSS,ACT_TAKE1,ACT_TAKE2
VA,VA12345,01012024,0001,0,131,3,1114,1128,1257,1300,B,1,0,0,0,0,14515,12531,33,12
VA,VA12345,01012024,0002,0,311,1,1037,1053,1115,1123,B,1,0,0,0,0,,,12,13
VA,VA12345,01012024,0003,0,321,1,1222,1237,1318,1328,B,1,0,0,0,0,,,52,86
VA,VA12345,01022024,0004,0,113,1,1545,1602,1659,1702,B,1,0,0,0,0,28283,7365,51,13
VA,VA12345,01022024,0005,0,321,1,1610,1617,1658,1706,C,1,0,0,0,0,,,11,32
VA,VA12345,01022024,0006,0,311,4,1951,1958,2023,2034,C,1,0,0,0,0,,,21,22
VA,VA12345,01032024,0007,0,400,1,1516,1532,1552,1559,B,1,0,0,0,0,,,13,22
VA,VA12345,01032024,0008,0,322,1,1750,1800,1836,1847,C,1,0,0,0,1,,,13,33
VA,VA12345,01032024,0009,0,321,1,1849,1857,1936,1940,C,4,0,0,0,0,,,22,33
VA,VA12345,01042024,0010,0,321,3,2155,2202,2237,2241,C,1,0,0,0,0,,,21,11
VA,VA12345,01042024,0011,0,531,3,0723,0732,0741,0746,A,1,0,0,0,0,,,33,22
VA,VA12345,01042024,0012,0,621,1,0830,0839,0903,0914,B,1,0,0,0,0,,,51,12
VA,VA12345,01052024,0013,0,311,1,1333,1341,1357,1404,B,1,0,0,0,0,,,11,32
VA,VA12345,01052024,0014,0,522,4,0502,0514,0529,0535,A,1,0,0,0,0,,,52,21
VA,VA12345,01052024,0015,0,500,1,1030,1036,1047,1059,B,1,0,0,0,0,,,13,11
VA,VA12345,01052024,0016,0,500,3,1221,1228,1242,1247,B,1,0,0,0,0,,,13,21
VA,VA12345,01062024,0017,0,321,1,1954,2008,2020,2023,C,1,0,0,0,0,,,11,22
VA,VA12345,01062024,0018,0,311,4,1224,1235,1314,1324,B,1,0,0,0,0,,,52,33
VA,VA12345,01072024,0019,0,321,1,0430,0435,0519,0522,A,1,0,0,0,0,,,52,32
VA,VA12345,01072024,0020,0,321,1,1602,1619,1704,1711,C,1,0,0,0,0,,,51,21
VA,VA12345,01072024,0021,0,611,1,1148,1159,1226,1237,B,1,0,0,0,0,,,13,32
VA,VA12345,01082024,0022,0,311,4,1210,1225,1310,1312,B,1,0,0,0,0,,,22,51
VA,VA12345,01082024,0023,0,400,1,0706,0715,0732,0743,A,1,0,0,0,0,,,21,51
VA,VA12345,01082024,0024,0,111,1,2154,2205,2230,2232,C,1,0,0,0,0,192115,81519,11,13
VA,VA12345,01092024,0025,0,111,1,2134,2149,2319,2323,C,1,0,0,0,0,173797,35535,32,13
VA,VA12345,01092024,0026,0,611,1,1235,1251,1303,1308,B,1,0,0,0,1,,,86,12
VA,VA12345,01092024,0027,0,341,1,1955,2004,2017,2020,C,1,0,0,0,0,,,21,86
VA,VA12345,01092024,0028,0,531,1,1150,1155,1224,1229,B,1,0,0,0,0,,,33,12
VA,VA12345,01102024,0029,0,321,3,1753,1758,1826,1830,C,1,0,0,0,0,,,86,12
VA,VA12345,01102024,0030,0,114,1,1632,1641,1706,1714,C,1,0,0,0,0,35825,12934,12,13
VA,VA12345,01102024,0031,0,311,3,2258,2314,2333,2339,C,1,0,0,0,0,,,22,32
VA,VA12345,01102024,0032,0,322,3,1324,1338,1409,1417,B,1,0,0,0,0,,,52,86
VA,VA12345,01112024,0033,0,500,3,1030,1045,1055,1101,B,1,0,0,0,0,,,32,51
VA,VA12345,01112024,0034,0,131,1,1012,1019,1139,1150,B,1,0,0,0,0,21095,4797,22,11
VA,VA12345,01122024,0035,0,424,1,2155,2211,2232,2237,C,1,0,0,0,0,,,13,21
VA,VA12345,01122024,0036,0,321,4,0829,0847,0927,0938,B,1,0,0,0,0,,,22,21
VA,VA12345,01122024,0037,0,311,4,1348,1406,1451,1500,B,1,0,0,0,0,,,86,86
VA,VA12345,01132024,0038,0,322,1,0824,0830,0908,0916,B,1,0,0,0,0,,,52,11
VA,VA12345,01132024,0039,0,321,1,2048,2055,2129,2135,C,1,0,0,0,0,,,33,52
VA,VA12345,01142024,0040,0,311,1,2131,2145,2158,2206,C,1,0,0,0,0,,,22,52
VA,VA12345,01142024,0041,0,311,1,1558,1603,1642,1646,B,1,0,0,0,0,,,86,12
VA,VA12345,01152024,0042,0,113,1,1353,1408,1537,1539,B,1,0,0,0,0,21205,7032,11,52
VA,VA12345,01152024,0043,0,321,4,0808,0821,0846,0855,B,1,0,0,0,0,,,13,22
VA,VA12345,01162024,0044,0,321,4,2206,2221,2257,2305,C,1,0,0,0,0,,,51,52
VA,VA12345,01162024,0045,0,651,4,1950,1959,2024,2032,C,1,0,0,0,0,,,21,13
VA,VA12345,01162024,0046,0,321,1,1323,1341,1402,1410,B,1,0,0,0,0,,,33,21
VA,VA12345,01162024,0047,0,341,1,1352,1403,1418,1421,B,1,0,0,0,0,,,12,86
VA,VA12345,01162024,0048,0,311,1,0254,0304,0338,0344,A,1,0,0,0,0,,,33,32
VA,VA12345,01172024,0049,0,311,1,1448,1505,1548,1557,B,1,0,0,0,0,,,52,86
VA,VA12345,01172024,0050,0,311,1,1433,1444,1525,1531,B,1,0,0,0,0,,,33,22
VA,VA12345,01172024,0051,0,321,1,0947,0954,1018,1024,B,1,0,0,0,0,,,11,11
VA,VA12345,01172024,0052,0,621,1,1544,1552,1600,1611,B,1,0,0,0,0,,,21,13
VA,VA12345,01182024,0053,0,321,1,1925,1931,1952,2003,C,1,0,0,0,0,,,52,52
VA,VA12345,01182024,0054,0,311,3,1033,1044,1123,1129,B,1,0,0,0,0,,,32,32
VA,VA12345,01182024,0055,0,131,1,1005,1018,1047,1051,B,1,0,0,0,0,17264,12317,21,13
VA,VA12345,01182024,0056,0,311,1,1859,1910,1929,1939,C,1,0,0,0,0,,,22,51
VA,VA12345,01192024,0057,0,131,3,2128,2145,2256,2302,C,1,0,0,0,0,27782,4902,11,13
VA,VA12345,01202024,0058,0,522,3,1043,1059,1128,1134,B,2,0,0,0,0,,,22,52
VA,VA12345,01212024,0059,0,311,1,2230,2241,2259,2303,C,1,0,0,0,0,,,33,11
VA,VA12345,01222024,0060,0,311,1,1320,1336,1413,1423,B,1,0,0,0,0,,,86,52
VA,VA12345,01222024,0061,0,311,1,1840,1847,1916,1926,C,1,0,0,0,0,,,52,32
VA,VA12345,01222024,0062,0,321,1,1819,1827,1853,1856,C,1,0,0,0,0,,,51,33
VA,VA12345,01232024,0063,0,311,3,1430,1441,1505,1516,B,1,0,0,0,0,,,12,86
VA,VA12345,01232024,0064,0,311,3,2132,2140,2211,2222,C,1,0,0,0,0,,,86,86
VA,VA12345,01232024,0065,0,311,1,1534,1543,1610,1621,B,1,0,0,0,0,,,12,12
VA,VA12345,01242024,0066,0,500,3,2350,0002,0011,0015,C,1,0,0,0,0,,,13,33
VA,VA12345,01242024,0067,0,341,1,2100,2117,2129,2132,C,1,0,0,0,0,,,13,86
VA,VA12345,01252024,0068,0,321,1,1220,1235,1249,1300,B,1,0,0,0,0,,,13,12
VA,VA12345,01252024,0069,0,321,1,2348,2359,0021,0027,C,2,0,0,0,0,,,33,12
VA,VA12345,01252024,0070,0,142,4,1550,1556,1704,1715,B,1,0,0,0,0,10366,11125,11,21
VA,VA12345,01252024,0071,0,321,1,2143,2154,2228,2239,C,1,0,0,0,0,,,32,12
VA,VA12345,01262024,0072,0,311,1,2006,2021,2051,2057,C,1,0,0,0,0,,,11,52
VA,VA12345,01272024,0073,0,500,3,2149,2158,2226,2231,C,1,0,0,0,0,,,22,13
VA,VA12345,01272024,0074,0,111,1,2141,2148,2254,2258,C,1,0,0,0,0,175907,77579,33,51
VA,VA12345,01282024,0075,0,611,1,1916,1935,1952,1959,C,1,0,0,0,0,,,12,33
VA,VA12345,01292024,0076,0,131,1,0134,0150,0243,0254,A,1,0,0,0,0,36974,9998,86,52
VA,VA12345,01292024,0077,0,321,1,1004,1022,1053,1105,B,1,0,0,0,0,,,13,13
VA,VA12345,01302024,0078,0,131,3,1034,1046,1215,1223,B,1,0,0,0,0,21373,5383,11,86
VA,VA12345,01302024,0079,0,621,3,1028,1035,1104,1111,B,1,0,0,0,0,,,13,21
VA,VA12345,01302024,0080,0,321,1,0613,0617,0650,0655,A,1,0,0,0,0,,,52,32
VA,VA12345,01302024,0081,0,311,1,1914,1931,1943,1949,C,1,0,0,0,0,,,11,22
VA,VA12345,01312024,0082,0,111,3,1020,1026,1102,1110,B,1,0,0,0,0,198490,74039,32,52
VA,VA12345,01312024,0083,0,611,1,0350,0403,0431,0433,A,1,0,0,0,0,,,21,13
VA,VA12345,01312024,0084,0,321,4,2120,2126,2155,2206,C,1,0,0,0,0,,,51,21
VA,VA12345,01312024,0085,0,113,1,1427,1441,1611,1616,B,1,0,0,0,0,11231,10741,12,86
VA,VA12345,02012024,0086,0,621,1,1723,1731,1741,1744,C,1,0,0,0,0,,,11,52
VA,VA12345,02012024,0087,0,311,1,2235,2245,2319,2331,C,1,0,0,0,0,,,86,13
VA,VA12345,02012024,0088,0,131,3,1513,1523,1556,1603,B,1,0,0,0,0,39933,13373,52,52
VA,VA12345,02022024,0089,0,500,4,1642,1648,1701,1707,C,1,0,0,0,0,,,22,52
VA,VA12345,02022024,0090,0,131,1,1704,1709,1836,1841,C,1,0,0,0,0,26598,10568,13,11
VA,VA12345,02032024,0091,0,321,1,0848,0856,0936,0948,B,1,0,0,0,0,,,13,86
VA,VA12345,02042024,0092,0,321,3,1731,1737,1803,1811,C,1,0,0,0,0,,,51,51
VA,VA12345,02042024,0093,0,321,3,1100,1109,1129,1137,B,1,0,0,0,0,,,13,12
VA,VA12345,02052024,0094,0,311,1,2002,2010,2042,2053,C,1,0,0,0,0,,,11,86
VA,VA12345,02052024,0095,0,311,1,0939,0946,1025,1028,B,1,0,0,0,0,,,86,32
VA,VA12345,02052024,0096,0,113,1,1110,1122,1247,1252,B,1,0,0,0,0,21775,6964,22,52
VA,VA12345,02062024,0097,0,321,3,0649,0708,0748,0800,A,1,0,0,0,0,,,86,22
VA,VA12345,02062024,0098,0,311,1,1330,1348,1417,1428,B,1,0,0,0,0,,,86,51
VA,VA12345,02062024,0099,0,651,1,0655,0708,0735,0745,A,1,0,0,0,0,,,21,52
VA,VA12345,02062024,0100,0,321,1,1720,1725,1805,1808,C,1,0,0,0,0,,,21,21
VA,VA12345,02072024,0101,0,131,1,1439,1449,1558,1606,B,1,0,0,0,0,26283,11914,12,51
VA,VA12345,02072024,0102,0,321,4,1054,1104,1121,1132,B,1,0,0,0,0,,,12,22
VA,VA12345,02072024,0103,0,311,4,1605,1622,1655,1659,C,1,0,0,0,0,,,13,12
VA,VA12345,02072024,0104,0,311,1,1401,1409,1442,1451,B,1,0,0,0,0,,,13,33
VA,VA12345,02082024,0105,0,321,1,2002,2016,2052,2056,C,1,0,0,0,0,,,21,11
VA,VA12345,02082024,0106,0,341,1,1343,1359,1416,1425,B,1,0,0,0,0,,,32,86
VA,VA12345,02082024,0107,0,651,3,1736,1755,1812,1820,C,1,0,0,0,0,,,22,51
VA,VA12345,02092024,0108,0,531,1,0430,0445,0509,0512,A,1,0,0,0,0,,,12,13
VA,VA12345,02102024,0109,0,611,1,1322,1329,1349,1359,B,1,0,0,0,0,,,13,86
VA,VA12345,02102024,0110,0,111,1,1908,1926,2003,2012,C,1,0,0,0,0,239614,77176,12,13
VA,VA12345,02102024,0111,0,311,3,1915,1922,2000,2012,C,1,0,0,0,0,,,11,33
VA,VA12345,02112024,0112,0,131,3,1545,1552,1657,1702,B,1,0,0,0,0,25237,9714,33,33
VA,VA12345,02112024,0113,0,531,1,1524,1538,1558,1605,B,1,0,0,0,0,,,13,52
VA,VA12345,02122024,0114,0,311,4,0334,0351,0432,0441,A,1,0,0,0,0,,,11,51
VA,VA12345,02122024,0115,0,311,1,0950,0959,1030,1040,B,1,0,0,0,0,,,32,51
VA,VA12345,02122024,0116,0,111,1,1249,1259,1334,1341,B,1,0,0,0,0,210076,98710,21,86
VA,VA12345,02132024,0117,0,311,1,2133,2148,2227,2230,C,1,0,0,0,0,,,13,86
VA,VA12345,02132024,0118,0,311,1,1719,1728,1808,1815,C,3,0,0,0,0,,,11,13
VA,VA12345,02142024,0119,0,322,1,1447,1453,1533,1535,B,1,0,0,0,0,,,52,11
VA,VA12345,02142024,0120,0,311,3,1643,1654,1734,1737,C,1,0,0,0,0,,,13,11
VA,VA12345,02152024,0121,0,321,1,1831,1839,1907,1916,C,1,0,0,0,0,,,13,22
VA,VA12345,02152024,0122,0,142,1,2028,2036,2136,2148,C,1,0,0,0,0,25250,11672,22,86
VA,VA12345,02162024,0123,0,311,3,0908,0915,0950,1000,B,1,0,0,0,0,,,13,13
VA,VA12345,02162024,0124,0,341,1,1145,1204,1225,1236,B,1,0,0,0,0,,,33,86
VA,VA12345,02172024,0125,0,424,3,0853,0910,0922,0930,B,1,0,0,0,0,,,22,22
VA,VA12345,02172024,0126,0,311,4,1145,1152,1220,1225,B,1,0,0,0,0,,,13,33
VA,VA12345,02182024,0127,0,321,1,1610,1625,1639,1641,C,4,0,0,0,0,,,52,12
VA,VA12345,02182024,0128,0,321,1,1601,1617,1648,1657,C,1,0,0,0,0,,,11,22
VA,VA12345,02192024,0129,0,311,4,1330,1345,1406,1413,B,1,0,0,0,0,,,86,33
VA,VA12345,02192024,0130,0,311,1,1520,1528,1608,1613,B,1,0,0,0,0,,,32,22
VA,VA12345,02202024,0131,0,424,1,1812,1827,1849,1858,C,1,0,0,0,0,,,32,32
VA,VA12345,02202024,0132,0,111,3,1603,1619,1739,1745,C,2,0,0,0,0,175928,13930,12,11
VA,VA12345,02202024,0133,0,311,1,1512,1519,1555,1605,B,1,0,0,0,0,,,13,22
VA,VA12345,02202024,0134,0,311,1,2225,2239,2314,2318,C,1,0,0,0,0,,,86,21
VA,VA12345,02212024,0135,0,321,1,1409,1419,1451,1455,B,1,0,0,0,0,,,33,33
VA,VA12345,02222024,0136,0,311,1,1401,1411,1442,1454,B,1,0,0,0,0,,,52,52
VA,VA12345,02222024,0137,0,321,4,1003,1016,1052,1056,B,1,0,0,0,0,,,21,86
VA,VA12345,02232024,0138,0,322,4,1326,1341,1423,1425,B,1,0,0,0,0,,,33,12
VA,VA12345,02232024,0139,0,311,4,1111,1125,1159,1211,B,1,0,0,0,0,,,32,51
VA,VA12345,02232024,0140,0,621,4,1514,1532,1549,1554,B,1,0,0,0,0,,,51,51
VA,VA12345,02242024,0141,0,500,4,1225,1234,1243,1249,B,1,0,0,0,0,,,32,32
VA,VA12345,02242024,0142,0,611,4,1917,1925,1936,1947,C,1,0,0,0,0,,,32,11
VA,VA12345,02242024,0143,0,341,3,0721,0735,0747,0749,A,1,0,0,0,0,,,21,21
VA,VA12345,02252024,0144,0,621,1,1748,1758,1826,1828,C,1,0,0,0,0,,,11,22
VA,VA12345,02252024,0145,0,142,4,1353,1403,1526,1530,B,1,0,0,1,0,5516,5689,51,21
VA,VA12345,02252024,0146,0,321,1,2334,2347,0028,0034,C,1,0,0,0,0,,,22,11
VA,VA12345,02262024,0147,0,311,1,1548,1601,1645,1652,B,1,0,0,0,0,,,32,11
VA,VA12345,02262024,0148,0,311,4,1015,1026,1057,1108,B,1,0,0,0,0,,,13,21
VA,VA12345,02262024,0149,0,322,1,1125,1142,1201,1213,B,1,0,0,0,0,,,21,52
VA,VA12345,02272024,0150,0,321,4,1244,1303,1328,1333,B,1,0,0,0,0,,,86,13
VA,VA12345,02282024,0151,0,321,1,1957,2004,2036,2046,C,1,0,0,0,0,,,33,21
VA,VA12345,02282024,0152,0,131,1,1929,1943,2010,2020,C,1,0,0,0,1,15140,10275,13,11
VA,VA12345,02282024,0153,0,113,1,1344,1349,1509,1511,B,1,0,0,0,0,32548,12770,12,21
VA,VA12345,02292024,0154,0,311,1,2058,2112,2132,2144,C,1,0,0,0,0,,,32,11
VA,VA12345,02292024,0155,0,311,1,1819,1834,1910,1915,C,1,0,0,0,0,,,13,11
VA,VA12345,02292024,0156,0,321,1,1926,1933,1958,2001,C,1,0,0,0,0,,,32,11
VA,VA12345,03012024,0157,0,424,4,1055,1108,1125,1130,B,1,0,0,0,0,,,32,51
VA,VA12345,03012024,0158,0,321,3,2042,2053,2122,2124,C,1,0,0,0,0,,,12,33
VA,VA12345,03022024,0159,0,621,4,1422,1441,1505,1512,B,1,0,0,0,0,,,21,32
VA,VA12345,03022024,0160,0,522,3,2019,2036,2058,2100,C,1,0,0,0,0,,,51,32
VA,VA12345,03022024,0161,0,611,1,1105,1112,1137,1142,B,1,0,0,0,0,,,32,52
VA,VA12345,03032024,0162,0,611,4,1455,1501,1515,1520,B,1,0,0,0,0,,,52,32
VA,VA12345,03032024,0163,0,321,4,1215,1227,1308,1318,B,1,0,0,0,0,,,13,21
VA,VA12345,03042024,0164,0,611,3,1920,1931,1952,1954,C,1,0,0,0,0,,,52,52
VA,VA12345,03042024,0165,0,131,1,1818,1827,1935,1946,C,1,0,0,0,0,39670,12654,21,21
VA,VA12345,03052024,0166,0,321,1,0946,0959,1014,1024,B,1,0,0,0,0,,,11,12
VA,VA12345,03052024,0167,0,311,1,0840,0845,0910,0920,B,1,0,0,0,0,,,21,21
VA,VA12345,03052024,0168,0,321,3,0134,0138,0223,0229,A,1,0,0,0,0,,,22,13
VA,VA12345,03052024,0169,0,131,1,2133,2147,2314,2320,C,1,0,0,0,0,30847,4500,51,13
VA,VA12345,03062024,0170,0,321,1,1754,1759,1836,1844,C,1,0,0,1,0,,,21,12
VA,VA12345,03062024,0171,0,321,1,1721,1733,1747,1752,C,1,0,0,0,0,,,13,51
VA,VA12345,03062024,0172,0,321,3,2136,2146,2159,2204,C,1,0,0,0,0,,,51,22
VA,VA12345,03062024,0173,0,522,1,1536,1553,1618,1625,B,1,0,0,0,0,,,33,86
VA,VA12345,03072024,0174,0,321,4,2021,2040,2112,2114,C,1,0,0,0,0,,,12,12
VA,VA12345,03072024,0175,0,321,4,0937,0953,1023,1028,B,1,0,0,0,0,,,22,12
VA,VA12345,03072024,0176,0,113,1,1106,1119,1225,1231,B,1,0,0,0,0,6721,3436,86,33
VA,VA12345,03072024,0177,0,424,1,0638,0645,0702,0710,A,1,0,0,0,0,,,32,52
VA,VA12345,03082024,0178,0,311,1,1443,1452,1523,1529,B,1,0,0,0,0,,,13,86
VA,VA12345,03082024,0179,0,341,1,1015,1031,1058,1103,B,1,0,0,0,0,,,52,12
VA,VA12345,03082024,0180,0,311,1,1921,1938,1958,2004,C,1,0,0,0,0,,,12,86
VA,VA12345,03092024,0181,0,424,1,1436,1448,1504,1512,B,1,0,0,0,0,,,33,11
VA,VA12345,03092024,0182,0,621,1,2229,2241,2258,2301,C,1,0,0,0,0,,,22,12
VA,VA12345,03102024,0183,0,311,3,1904,1920,1957,2007,C,1,0,0,0,0,,,86,33
VA,VA12345,03102024,0184,0,113,4,1658,1713,1818,1822,C,1,0,0,0,0,26731,14605,13,11
VA,VA12345,03102024,0185,0,321,1,0714,0726,0801,0809,A,1,0,0,0,0,,,11,21
VA,VA12345,03112024,0186,0,522,1,2207,2217,2234,2241,C,1,0,0,0,0,,,21,86
VA,VA12345,03112024,0187,0,500,1,0502,0506,0524,0536,A,1,0,0,0,0,,,22,33
VA,VA12345,03112024,0188,0,311,1,0935,0945,1022,1034,B,1,0,0,0,0,,,32,21
VA,VA12345,03112024,0189,0,111,3,1624,1632,1727,1730,C,1,0,0,0,0,148774,95910,21,33
VA,VA12345,03122024,0190,0,321,1,2220,2236,2255,2302,C,1,0,0,0,0,,,51,52
VA,VA12345,03122024,0191,0,131,1,1643,1650,1749,1752,C,1,0,0,0,0,21862,3843,21,33
VA,VA12345,03122024,0192,0,611,1,1841,1854,1907,1916,C,1,0,0,0,0,,,86,11
VA,VA12345,03132024,0193,0,321,4,1235,1248,1331,1339,B,1,0,0,0,0,,,32,51
VA,VA12345,03132024,0194,0,321,4,0214,0231,0312,0323,A,1,0,0,0,0,,,51,33
VA,VA12345,03142024,0195,0,321,1,1923,1939,2019,2029,C,1,0,0,0,0,,,51,11
VA,VA12345,03142024,0196,0,531,1,1322,1333,1344,1349,B,1,0,0,0,0,,,12,22
VA,VA12345,03142024,0197,0,311,1,1650,1707,1722,1733,C,1,0,0,0,0,,,51,51
VA,VA12345,03152024,0198,0,322,1,1457,1503,1541,1543,B,1,0,0,0,0,,,86,32
VA,VA12345,03162024,0199,0,311,1,1943,1957,2026,2038,C,1,0,0,0,0,,,12,33
VA,VA12345,03172024,0200,0,621,4,2029,2044,2052,2055,C,1,0,0,0,0,,,33,12
VA,VA12345,03172024,0201,0,500,1,1027,1038,1056,1102,B,1,0,0,0,0,,,11,11
VA,VA12345,03182024,0202,0,522,1,0750,0755,0808,0817,A,3,0,0,0,0,,,51,22
VA,VA12345,03192024,0203,0,311,1,0623,0639,0701,0703,A,1,0,0,0,0,,,13,13
VA,VA12345,03192024,0204,0,113,1,0030,0043,0159,0201,A,1,0,0,0,0,9641,8002,12,13
VA,VA12345,03192024,0205,0,114,1,1806,1816,1853,1901,C,1,0,0,0,0,31511,15421,86,32
VA,VA12345,03192024,0206,0,611,1,1709,1719,1729,1732,C,1,0,0,0,0,,,86,22
VA,VA12345,03202024,0207,0,113,1,1041,1059,1122,1134,B,1,0,0,0,0,20685,16716,12,13
VA,VA12345,03212024,0208,0,651,3,0556,0607,0619,0627,A,1,0,0,0,0,,,13,11
VA,VA12345,03212024,0209,0,311,1,1600,1604,1641,1651,C,1,0,0,0,0,,,13,33
VA,VA12345,03212024,0210,0,311,1,1509,1516,1600,1605,B,1,0,0,0,0,,,13,51
VA,VA12345,03222024,0211,0,621,1,1846,1851,1906,1909,C,1,0,0,0,0,,,22,13
VA,VA12345,03222024,0212,0,322,3,0108,0120,0154,0204,A,1,0,0,0,0,,,51,13
VA,VA12345,03222024,0213,0,311,1,1901,1912,1957,2000,C,1,0,0,0,0,,,86,11
VA,VA12345,03222024,0214,0,142,4,1436,1445,1518,1529,B,1,0,0,0,0,10013,953,21,86
VA,VA12345,03232024,0215,0,111,1,2154,2204,2305,2310,C,1,0,0,0,0,93807,31507,32,33
VA,VA12345,03232024,0216,0,113,1,2325,2336,0035,0042,C,1,0,0,0,0,45810,8448,21,86
VA,VA12345,03242024,0217,0,651,1,1631,1647,1712,1717,C,3,0,0,0,0,,,11,86
VA,VA12345,03242024,0218,0,311,1,0042,0049,0114,0124,A,1,0,0,0,0,,,51,13
VA,VA12345,03242024,0219,0,611,4,0314,0332,0351,0400,A,1,0,0,0,0,,,13,52
VA,VA12345,03252024,0220,0,311,1,2215,2233,2310,2317,C,1,0,0,0,0,,,52,13
VA,VA12345,03252024,0221,0,311,1,0810,0822,0841,0851,B,1,0,0,0,0,,,13,13
VA,VA12345,03262024,0222,0,311,1,0943,0950,1022,1026,B,1,0,0,0,0,,,51,51
VA,VA12345,03262024,0223,0,111,1,1911,1925,2055,2100,C,1,0,0,1,0,138271,25133,32,12
VA,VA12345,03272024,0224,0,321,4,1737,1741,1757,1802,C,1,0,0,0,0,,,86,13
VA,VA12345,03272024,0225,0,111,1,0329,0347,0457,0506,A,1,0,0,0,0,196919,27481,11,52
VA,VA12345,03282024,0226,0,321,1,1615,1628,1710,1712,C,1,0,0,0,0,,,33,32
VA,VA12345,03282024,0227,0,321,3,1751,1801,1835,1844,C,1,0,0,0,0,,,51,22
VA,VA12345,03282024,0228,0,311,1,0238,0244,0326,0336,A,1,0,0,0,0,,,32,51
VA,VA12345,03282024,0229,0,611,1,1550,1606,1621,1632,B,1,0,0,0,0,,,52,86
VA,VA12345,03292024,0230,0,322,1,2101,2116,2137,2148,C,1,0,0,0,0,,,22,21
VA,VA12345,03292024,0231,0,311,1,0303,0308,0353,0402,A,1,0,0,0,0,,,22,86
VA,VA12345,03292024,0232,0,321,1,0409,0426,0445,0455,A,1,0,0,0,0,,,13,86
VA,VA12345,03302024,0233,0,651,4,1108,1127,1155,1204,B,1,0,0,0,0,,,52,86
VA,VA12345,03312024,0234,0,341,4,0919,0927,0940,0942,B,1,0,0,0,0,,,11,22
VA,VA12345,03312024,0235,0,500,1,1658,1713,1739,1742,C,1,0,0,0,0,,,22,13
VA,VA12345,04012024,0236,0,321,1,1942,1955,2007,2013,C,1,0,0,0,0,,,11,11
VA,VA12345,04012024,0237,0,311,1,1246,1257,1340,1348,B,1,0,0,0,0,,,32,22
VA,VA12345,04012024,0238,0,522,1,1351,1357,1415,1421,B,1,0,0,0,0,,,33,13
VA,VA12345,04012024,0239,0,611,3,1239,1249,1317,1321,B,1,0,0,0,0,,,32,12
VA,VA12345,04022024,0240,0,321,1,1816,1825,1843,1845,C,1,0,0,0,0,,,12,13
VA,VA12345,04022024,0241,0,321,1,1142,1152,1210,1212,B,1,0,0,0,0,,,51,12
VA,VA12345,04032024,0242,0,321,1,1457,1511,1547,1551,B,1,0,0,0,0,,,21,51
VA,VA12345,04042024,0243,0,322,1,0548,0553,0627,0637,A,1,0,0,0,0,,,33,12
VA,VA12345,04042024,0244,0,531,1,2243,2259,2314,2323,C,1,0,0,0,0,,,33,52
VA,VA12345,04042024,0245,0,131,1,1739,1748,1829,1834,C,1,0,0,0,0,28552,3222,52,51
VA,VA12345,04052024,0246,0,611,1,1146,1151,1211,1221,B,1,0,0,0,0,,,11,52
VA,VA12345,04052024,0247,0,311,3,1650,1659,1720,1731,C,1,0,0,0,0,,,13,51
VA,VA12345,04052024,0248,0,311,1,2056,2107,2143,2155,C,1,0,0,0,0,,,52,52
VA,VA12345,04052024,0249,0,111,4,1725,1742,1832,1834,C,1,0,0,0,0,161513,44745,21,13
VA,VA12345,04062024,0250,0,311,4,1147,1157,1235,1246,B,1,0,0,0,0,,,21,33
VA,VA12345,04062024,0251,0,111,1,2052,2058,2157,2207,C,1,0,0,0,0,132619,15553,32,11
VA,VA12345,04062024,0252,0,311,3,1358,1407,1442,1451,B,1,0,0,0,0,,,21,52
VA,VA12345,04072024,0253,0,321,4,1355,1406,1428,1434,B,1,0,0,0,0,,,52,32
VA,VA12345,04072024,0254,0,311,1,2041,2050,2128,2138,C,1,0,0,0,0,,,22,22
VA,VA12345,04082024,0255,0,621,1,1051,1103,1123,1130,B,1,0,0,0,0,,,12,52
VA,VA12345,04082024,0256,0,651,3,0732,0746,0814,0825,A,1,0,0,0,0,,,51,86
VA,VA12345,04082024,0257,0,321,1,2016,2025,2046,2056,C,1,0,0,0,0,,,86,22
VA,VA12345,04092024,0258,0,321,1,1841,1851,1929,1937,C,1,0,0,0,0,,,86,32
VA,VA12345,04092024,0259,0,424,4,1740,1754,1811,1815,C,1,0,0,0,0,,,51,33
VA,VA12345,04092024,0260,0,621,1,1911,1927,1937,1942,C,1,0,0,0,0,,,86,51
VA,VA12345,04102024,0261,0,531,1,0703,0714,0728,0738,A,1,0,0,0,0,,,22,22
VA,VA12345,04102024,0262,0,311,1,2321,2330,0002,0006,C,1,0,0,0,0,,,11,21
VA,VA12345,04112024,0263,0,424,3,1148,1200,1210,1214,B,1,0,0,0,0,,,11,11
VA,VA12345,04112024,0264,0,311,1,1546,1555,1640,1645,B,1,0,0,0,0,,,86,51
VA,VA12345,04122024,0265,0,113,4,1610,1618,1715,1724,C,1,0,0,0,0,37124,12271,32,22
VA,VA12345,04122024,0266,0,500,1,2258,2305,2320,2324,C,1,0,0,0,0,,,11,12
VA,VA12345,04122024,0267,0,424,1,2016,2029,2038,2050,C,1,0,0,0,0,,,12,13
VA,VA12345,04132024,0268,0,322,1,1530,1546,1558,1604,B,1,0,0,0,0,,,22,12
VA,VA12345,04132024,0269,0,321,1,1906,1914,1933,1936,C,1,0,0,0,0,,,32,86
VA,VA12345,04132024,0270,0,142,1,1818,1828,1949,1956,C,4,0,0,0,0,4951,8583,13,13
VA,VA12345,04142024,0271,0,311,1,1318,1323,1346,1348,B,1,0,0,0,0,,,11,11
VA,VA12345,04142024,0272,0,321,1,2042,2053,2133,2144,C,1,0,0,0,0,,,12,12
VA,VA12345,04142024,0273,0,522,1,2217,2236,2257,2309,C,1,0,0,0,0,,,22,13
VA,VA12345,04152024,0274,0,321,3,1337,1346,1422,1429,B,4,0,0,0,0,,,21,21
VA,VA12345,04152024,0275,0,311,4,0726,0734,0806,0808,A,1,0,0,0,0,,,32,86
VA,VA12345,04162024,0276,0,321,4,1627,1639,1713,1725,C,1,0,0,0,0,,,52,11
VA,VA12345,04172024,0277,0,131,1,0059,0113,0154,0157,A,1,0,0,0,0,20407,7407,32,13
VA,VA12345,04172024,0278,0,321,1,1351,1402,1442,1449,B,1,0,0,0,0,,,11,33
VA,VA12345,04172024,0279,0,113,4,1552,1606,1652,1704,B,1,0,0,0,0,26756,18855,52,52
VA,VA12345,04182024,0280,0,113,4,1807,1812,1915,1922,C,1,0,0,0,0,15758,16635,22,12
VA,VA12345,04182024,0281,0,311,1,0739,0749,0814,0823,A,1,0,0,0,0,,,52,13
VA,VA12345,04192024,0282,0,311,4,1928,1940,1952,2002,C,3,0,0,0,0,,,22,52
VA,VA12345,04192024,0283,0,131,1,0952,1009,1110,1120,B,1,0,0,0,0,19234,5619,21,22
VA,VA12345,04192024,0284,0,322,4,0838,0855,0927,0937,B,1,0,0,0,0,,,22,22
VA,VA12345,04202024,0285,0,424,4,1107,1123,1149,1201,B,1,0,0,0,0,,,12,11
VA,VA12345,04212024,0286,0,311,1,1401,1415,1430,1435,B,1,0,0,0,0,,,11,51
VA,VA12345,04212024,0287,0,111,3,0934,0942,1030,1042,B,1,0,0,0,0,92315,58014,12,12
VA,VA12345,04222024,0288,0,111,4,1135,1144,1300,1305,B,1,0,0,0,0,130724,46558,21,22
VA,VA12345,04222024,0289,0,142,1,2304,2320,0045,0048,C,3,0,0,0,0,12831,7840,22,11
VA,VA12345,04222024,0290,0,321,4,0820,0833,0907,0910,B,1,0,0,0,0,,,33,22
VA,VA12345,04222024,0291,0,311,1,1334,1343,1408,1420,B,1,0,0,0,0,,,21,33
VA,VA12345,04222024,0292,0,111,3,1941,1954,2044,2056,C,1,0,0,0,0,109720,58577,51,33
VA,VA12345,04232024,0293,0,611,1,1801,1815,1839,1848,C,4,0,0,0,0,,,22,33
VA,VA12345,04232024,0294,0,113,1,1540,1555,1709,1712,B,1,0,0,0,0,9726,5538,11,21
VA,VA12345,04242024,0295,0,500,1,0611,0624,0639,0645,A,1,0,0,0,1,,,13,33
VA,VA12345,04242024,0296,0,321,3,0046,0101,0117,0124,A,1,0,0,0,0,,,21,12
VA,VA12345,04242024,0297,0,111,4,1242,1255,1343,1347,B,1,0,0,0,0,249853,56906,11,33
VA,VA12345,04252024,0298,0,131,3,2009,2022,2132,2142,C,1,0,0,0,0,21521,15637,33,22
VA,VA12345,04252024,0299,0,321,4,0914,0923,0942,0946,B,1,0,0,0,0,,,33,21
VA,VA12345,04252024,0300,0,311,4,1704,1712,1730,1735,C,1,0,0,0,0,,,32,13
VA,VA12345,04262024,0301,0,311,3,0931,0948,1009,1020,B,1,0,0,0,1,,,32,32
VA,VA12345,04262024,0302,0,311,1,1841,1849,1922,1931,C,1,0,0,0,0,,,52,13
VA,VA12345,04262024,0303,0,500,4,2054,2103,2131,2134,C,1,0,0,0,0,,,52,52
VA,VA12345,04272024,0304,0,311,3,1237,1249,1317,1327,B,1,0,0,0,0,,,52,51
VA,VA12345,04272024,0305,0,321,4,0832,0844,0928,0930,B,1,0,0,0,0,,,33,22
VA,VA12345,04282024,0306,0,531,1,2242,2258,2321,2328,C,1,0,0,0,0,,,11,32
VA,VA12345,04282024,0307,0,311,4,1450,1504,1518,1520,B,1,0,0,0,0,,,51,52
VA,VA12345,04292024,0308,0,311,1,1511,1523,1539,1549,B,1,0,0,0,0,,,86,21
VA,VA12345,04292024,0309,0,321,1,1956,2008,2030,2035,C,1,0,0,0,0,,,52,13
VA,VA12345,04292024,0310,0,500,1,1726,1737,1806,1815,C,1,0,0,0,1,,,11,22
VA,VA12345,04302024,0311,0,611,1,1702,1707,1720,1726,C,1,0,0,0,0,,,51,13
VA,VA12345,04302024,0312,0,651,3,1038,1047,1102,1110,B,1,0,0,0,0,,,33,51
VA,VA12345,05012024,0313,0,311,1,0943,0959,1015,1020,B,1,0,0,0,0,,,33,12
VA,VA12345,05012024,0314,0,113,3,1938,1954,2018,2028,C,1,0,0,0,0,5078,14639,33,12
VA,VA12345,05012024,0315,0,322,1,1202,1212,1254,1302,B,1,0,0,0,0,,,13,12
VA,VA12345,05022024,0316,0,113,4,1054,1105,1149,1151,B,1,0,0,0,0,18462,10851,12,86
VA,VA12345,05022024,0317,0,321,1,0727,0737,0816,0827,A,1,0,0,0,0,,,33,33
VA,VA12345,05022024,0318,0,321,1,1423,1434,1505,1516,B,1,0,0,0,0,,,13,32
VA,VA12345,05032024,0319,0,621,1,1344,1351,1415,1423,B,1,0,0,0,0,,,12,11
VA,VA12345,05032024,0320,0,131,1,1952,2000,2028,2034,C,1,0,0,0,0,29501,9336,51,52
VA,VA12345,05032024,0321,0,500,4,0449,0503,0511,0516,A,1,0,0,0,0,,,33,33
VA,VA12345,05032024,0322,0,142,1,1839,1848,1938,1950,C,1,0,0,0,0,15285,9802,32,33
VA,VA12345,05042024,0323,0,311,3,2135,2146,2215,2220,C,1,0,0,0,1,,,22,12
VA,VA12345,05042024,0324,0,113,1,1435,1446,1520,1530,B,1,0,0,0,0,41907,16347,32,86
VA,VA12345,05042024,0325,0,322,1,2229,2240,2259,2305,C,1,0,0,0,0,,,86,12
VA,VA12345,05052024,0326,0,321,1,2233,2242,2312,2315,C,1,0,0,0,0,,,21,86
VA,VA12345,05052024,0327,0,321,4,1257,1313,1337,1346,B,1,0,0,0,0,,,32,32
VA,VA12345,05062024,0328,0,611,1,1907,1923,1931,1941,C,1,0,0,0,0,,,52,51
VA,VA12345,05062024,0329,0,611,1,1448,1500,1515,1526,B,1,0,0,0,0,,,33,86
VA,VA12345,05062024,0330,0,424,1,1243,1251,1321,1331,B,1,0,0,0,0,,,13,86
VA,VA12345,05072024,0331,0,311,3,1255,1304,1333,1342,B,1,0,0,0,0,,,86,86
VA,VA12345,05072024,0332,0,311,4,2017,2031,2057,2100,C,1,0,0,0,0,,,22,22
VA,VA12345,05082024,0333,0,651,1,1308,1326,1349,1355,B,1,0,0,0,0,,,11,32
VA,VA12345,05082024,0334,0,522,1,1930,1941,1959,2005,C,1,0,0,0,0,,,12,13
VA,VA12345,05082024,0335,0,621,4,1243,1257,1323,1335,B,1,0,0,0,0,,,33,21
VA,VA12345,05092024,0336,0,611,4,1928,1944,2001,2010,C,1,0,0,0,0,,,12,52
VA,VA12345,05092024,0337,0,611,1,1554,1600,1618,1623,B,1,0,0,0,0,,,51,21
VA,VA12345,05092024,0338,0,400,1,1923,1936,1949,1953,C,1,0,0,0,0,,,13,32
VA,VA12345,05102024,0339,0,321,1,0556,0600,0637,0647,A,1,0,0,0,0,,,12,51
VA,VA12345,05102024,0340,0,311,1,1047,1054,1139,1143,B,3,0,0,0,0,,,33,51
VA,VA12345,05102024,0341,0,621,4,1508,1522,1549,1558,B,1,0,0,0,0,,,33,51
VA,VA12345,05112024,0342,0,321,1,2130,2141,2212,2219,C,1,0,0,1,0,,,22,86
VA,VA12345,05112024,0343,0,111,1,1134,1153,1314,1320,B,1,0,0,0,0,129432,61967,33,12
VA,VA12345,05112024,0344,0,341,1,1210,1223,1238,1244,B,1,0,0,0,0,,,51,51
VA,VA12345,05122024,0345,0,522,4,1112,1119,1136,1139,B,1,0,0,0,0,,,86,11
VA,VA12345,05122024,0346,0,111,4,0834,0842,0936,0940,B,1,0,0,1,0,190164,48838,21,86
VA,VA12345,05132024,0347,0,111,1,1350,1406,1444,1446,B,1,0,0,0,0,180028,9653,13,32
VA,VA12345,05132024,0348,0,311,3,1228,1235,1316,1319,B,1,0,0,0,0,,,86,22
VA,VA12345,05142024,0349,0,131,1,2133,2150,2248,2253,C,1,0,0,0,0,18633,1046,22,51
VA,VA12345,05142024,0350,0,424,4,1625,1629,1655,1704,C,1,0,0,0,0,,,13,52
VA,VA12345,05142024,0351,0,321,1,1248,1257,1318,1328,B,1,0,0,0,0,,,86,21
VA,VA12345,05152024,0352,0,322,1,1801,1818,1838,1844,C,1,0,0,0,0,,,32,52
VA,VA12345,05152024,0353,0,311,3,0922,0933,0955,0958,B,1,0,0,0,0,,,11,33
VA,VA12345,05152024,0354,0,611,1,1211,1229,1256,1301,B,1,0,0,0,0,,,33,21
VA,VA12345,05162024,0355,0,321,1,1126,1131,1216,1228,B,2,0,0,0,0,,,32,13
VA,VA12345,05162024,0356,0,522,1,0241,0256,0323,0334,A,2,0,0,0,0,,,32,21
VA,VA12345,05162024,0357,0,113,4,2153,2202,2315,2322,C,1,0,0,0,0,10107,7574,33,13
VA,VA12345,05172024,0358,0,321,1,0714,0722,0807,0819,A,1,0,0,0,0,,,13,52
VA,VA12345,05172024,0359,0,322,3,1229,1237,1259,1303,B,1,0,0,0,0,,,21,86
VA,VA12345,05182024,0360,0,311,1,2354,0012,0044,0055,C,1,0,0,0,0,,,51,86
VA,VA12345,05182024,0361,0,621,3,2228,2243,2252,2258,C,2,0,0,0,0,,,32,32
VA,VA12345,05182024,0362,0,424,3,2001,2015,2039,2049,C,1,0,0,0,0,,,22,51
VA,VA12345,05192024,0363,0,311,3,1237,1255,1326,1329,B,1,0,0,0,0,,,21,22
VA,VA12345,05192024,0364,0,322,4,1457,1510,1541,1543,B,1,0,0,0,0,,,86,86
VA,VA12345,05202024,0365,0,531,1,2107,2123,2151,2202,C,1,0,0,0,0,,,86,33
VA,VA12345,05202024,0366,0,321,4,1520,1527,1542,1554,B,1,0,0,0,0,,,13,32
VA,VA12345,05202024,0367,0,311,3,1350,1400,1417,1426,B,1,0,0,0,0,,,12,22
VA,VA12345,05212024,0368,0,321,3,1930,1943,2007,2017,C,1,0,0,0,0,,,12,86
VA,VA12345,05212024,0369,0,113,1,1736,1749,1855,1902,C,1,0,0,0,0,45384,14990,52,22
VA,VA12345,05222024,0370,0,311,3,1043,1048,1103,1108,B,1,0,0,0,1,,,13,51
VA,VA12345,05232024,0371,0,311,3,1301,1309,1354,1400,B,1,0,0,0,0,,,11,12
VA,VA12345,05232024,0372,0,321,1,1642,1650,1705,1711,C,1,0,0,0,0,,,11,13
VA,VA12345,05232024,0373,0,321,4,1217,1224,1237,1243,B,1,0,0,0,0,,,86,21
VA,VA12345,05232024,0374,0,113,4,2034,2047,2205,2215,C,2,0,0,0,0,6204,11863,86,86
VA,VA12345,05242024,0375,0,311,1,2332,2346,0014,0022,C,1,0,0,0,0,,,12,22
VA,VA12345,05242024,0376,0,321,1,0624,0635,0702,0713,A,1,0,0,0,0,,,22,32
VA,VA12345,05252024,0377,0,321,1,1737,1744,1815,1825,C,1,0,0,0,0,,,52,22
VA,VA12345,05252024,0378,0,321,4,1135,1141,1213,1217,B,3,0,0,0,0,,,21,51
VA,VA12345,05262024,0379,0,424,1,0801,0816,0842,0853,B,1,0,0,0,0,,,21,22
VA,VA12345,05262024,0380,0,311,1,1438,1446,1522,1531,B,1,0,0,0,0,,,11,51
VA,VA12345,05272024,0381,0,400,1,2214,2231,2245,2248,C,1,0,0,0,0,,,86,21
VA,VA12345,05272024,0382,0,311,1,2027,2040,2116,2123,C,1,0,0,0,0,,,11,33
VA,VA12345,05272024,0383,0,500,1,0729,0736,0800,0810,A,1,0,0,0,0,,,11,32
VA,VA12345,05282024,0384,0,311,1,1152,1203,1233,1244,B,1,0,0,0,0,,,13,33
VA,VA12345,05282024,0385,0,321,1,0749,0800,0838,0845,A,3,0,0,0,0,,,21,13
VA,VA12345,05282024,0386,0,321,1,1044,1100,1119,1122,B,1,0,0,0,0,,,33,52
VA,VA12345,05292024,0387,0,321,3,2224,2240,2302,2309,C,1,0,0,0,0,,,11,12
VA,VA12345,05292024,0388,0,424,1,1146,1157,1225,1229,B,1,0,0,1,0,,,11,21
VA,VA12345,05292024,0389,0,321,1,1431,1444,1527,1532,B,1,0,0,0,0,,,52,11
VA,VA12345,05292024,0390,0,311,1,1035,1040,1103,1107,B,1,0,0,0,0,,,52,51
VA,VA12345,05302024,0391,0,142,4,0711,0726,0808,0817,A,1,0,0,0,0,14417,1308,12,33
VA,VA12345,05302024,0392,0,131,3,0530,0541,0708,0716,A,1,0,0,0,0,25332,2236,21,52
VA,VA12345,05302024,0393,0,311,3,2145,2155,2240,2251,C,1,0,0,0,0,,,21,21
VA,VA12345,05312024,0394,0,321,1,1956,2005,2017,2020,C,1,0,0,0,0,,,52,12
VA,VA12345,05312024,0395,0,311,1,1321,1326,1350,1356,B,1,0,0,0,0,,,11,13
VA,VA12345,05312024,0396,0,311,1,1721,1727,1751,1758,C,1,0,0,0,0,,,22,21
VA,VA12345,06012024,0397,0,311,1,2057,2115,2130,2140,C,1,0,0,0,1,,,52,86
VA,VA12345,06012024,0398,0,500,1,1956,2002,2018,2020,C,1,0,0,0,0,,,12,22
VA,VA12345,06012024,0399,0,424,1,1655,1712,1730,1732,C,1,0,0,0,0,,,51,32
VA,VA12345,06022024,0400,0,114,1,1411,1427,1512,1515,B,1,0,0,0,0,73369,25000,33,51
VA,VA12345,06022024,0401,0,424,1,1909,1921,1950,1954,C,1,0,0,0,0,,,11,51
VA,VA12345,06022024,0402,0,522,1,2143,2152,2214,2216,C,1,0,0,0,0,,,51,32
VA,VA12345,06022024,0403,0,311,1,1112,1130,1210,1222,B,1,0,0,0,0,,,33,33
VA,VA12345,06032024,0404,0,131,1,1517,1532,1623,1627,B,1,0,0,0,0,37599,11867,11,13
VA,VA12345,06032024,0405,0,311,1,1205,1221,1301,1312,B,1,0,0,0,0,,,33,13
VA,VA12345,06032024,0406,0,424,1,2248,2254,2324,2333,C,1,0,0,0,0,,,32,32
VA,VA12345,06032024,0407,0,321,1,0857,0909,0932,0944,B,1,0,0,0,0,,,21,13
VA,VA12345,06042024,0408,0,522,3,1229,1247,1306,1317,B,1,0,0,0,0,,,86,33
VA,VA12345,06042024,0409,0,311,3,1750,1803,1841,1846,C,1,0,0,0,0,,,32,52
VA,VA12345,06042024,0410,0,321,4,1327,1341,1408,1412,B,1,0,0,0,0,,,13,52
VA,VA12345,06042024,0411,0,321,1,1620,1629,1700,1708,C,1,0,0,0,0,,,86,21
VA,VA12345,06052024,0412,0,611,1,1008,1024,1036,1048,B,1,0,0,0,0,,,32,86
VA,VA12345,06052024,0413,0,611,1,1150,1202,1232,1239,B,1,0,0,0,0,,,51,11
VA,VA12345,06052024,0414,0,621,1,1235,1250,1315,1322,B,1,0,0,0,0,,,12,86
VA,VA12345,06062024,0415,0,311,1,1825,1840,1903,1912,C,1,0,0,0,0,,,22,51
VA,VA12345,06062024,0416,0,131,4,2342,2347,0009,0013,C,1,0,0,0,0,34409,7613,21,52
VA,VA12345,06062024,0417,0,142,1,2139,2154,2311,2319,C,1,0,1,0,0,25335,8420,51,12
VA,VA12345,06072024,0418,0,321,1,0202,0209,0251,0254,A,1,0,0,0,0,,,51,21
VA,VA12345,06072024,0419,0,611,4,1433,1440,1503,1515,B,1,0,0,0,0,,,52,51
VA,VA12345,06072024,0420,0,311,1,1657,1708,1749,1759,C,1,0,0,0,0,,,51,51
VA,VA12345,06072024,0421,0,611,1,0944,1001,1027,1033,B,1,0,0,0,0,,,51,52
VA,VA12345,06072024,0422,0,113,1,0231,0247,0342,0348,A,1,0,0,0,0,43782,5452,21,86
VA,VA12345,06082024,0423,0,424,1,1916,1928,1941,1951,C,1,0,0,0,0,,,22,21
VA,VA12345,06082024,0424,0,424,1,1826,1841,1903,1915,C,1,0,0,0,0,,,13,11
VA,VA12345,06092024,0425,0,621,1,1147,1158,1227,1235,B,1,0,0,0,0,,,21,12
VA,VA12345,06092024,0426,0,322,3,1733,1738,1812,1820,C,1,0,0,0,0,,,13,51
VA,VA12345,06092024,0427,0,311,1,1725,1741,1805,1815,C,1,0,0,0,1,,,11,13
VA,VA12345,06102024,0428,0,321,1,0006,0018,0044,0050,A,1,0,0,0,0,,,32,52
VA,VA12345,06102024,0429,0,621,4,1745,1758,1810,1818,C,1,0,0,0,0,,,13,22
VA,VA12345,06102024,0430,0,321,1,1029,1043,1124,1130,B,1,0,0,0,0,,,13,51
VA,VA12345,06102024,0431,0,311,1,1924,1932,2000,2004,C,1,0,0,0,0,,,21,13
VA,VA12345,06112024,0432,0,114,1,1041,1059,1152,1155,B,1,0,0,0,0,29510,22393,11,11
VA,VA12345,06112024,0433,0,131,4,1717,1729,1749,1759,C,1,0,0,0,0,33735,1948,33,32
VA,VA12345,06112024,0434,0,500,1,0044,0052,0118,0128,A,1,0,0,0,0,,,13,86
VA,VA12345,06112024,0435,0,113,1,1521,1540,1637,1649,B,1,0,0,0,0,11997,12272,21,13
VA,VA12345,06112024,0436,0,341,4,2028,2033,2047,2049,C,1,0,0,0,0,,,51,21
VA,VA12345,06122024,0437,0,500,1,1553,1557,1615,1617,B,1,0,0,0,0,,,33,21
VA,VA12345,06122024,0438,0,531,1,2255,2311,2337,2342,C,2,0,0,0,0,,,52,11
VA,VA12345,06122024,0439,0,131,1,1041,1056,1122,1128,B,1,0,0,0,0,24290,10548,52,32
VA,VA12345,06122024,0440,0,311,3,0512,0524,0543,0555,A,1,0,0,0,0,,,11,52
VA,VA12345,06122024,0441,0,131,4,0904,0921,1034,1038,B,1,0,0,0,0,33921,14683,52,12
VA,VA12345,06132024,0442,0,111,4,1400,1415,1511,1519,B,1,0,0,0,0,217124,67037,12,32
VA,VA12345,06132024,0443,0,322,1,2139,2155,2238,2249,C,1,0,0,0,1,,,32,32
VA,VA12345,06132024,0444,0,651,1,0733,0751,0816,0826,A,1,0,0,0,0,,,13,22
VA,VA12345,06142024,0445,0,321,4,1758,1805,1819,1821,C,1,0,0,0,0,,,21,11
VA,VA12345,06142024,0446,0,611,3,0703,0710,0718,0727,A,1,0,0,0,0,,,86,12
VA,VA12345,06142024,0447,0,611,1,0943,1000,1011,1018,B,1,0,0,0,0,,,32,13
VA,VA12345,06152024,0448,0,311,1,2009,2018,2054,2101,C,1,0,0,0,0,,,86,22
VA,VA12345,06152024,0449,0,111,1,0236,0242,0401,0410,A,1,0,0,0,0,247247,88154,22,52
VA,VA12345,06162024,0450,0,311,3,2254,2309,2352,2357,C,1,0,0,1,0,,,32,32
VA,VA12345,06162024,0451,0,311,1,1137,1151,1203,1211,B,3,0,0,0,0,,,12,21
VA,VA12345,06162024,0452,0,500,3,1944,1958,2013,2016,C,1,0,0,0,0,,,86,51
VA,VA12345,06172024,0453,0,311,1,0142,0158,0211,0220,A,1,0,0,0,0,,,86,21
VA,VA12345,06172024,0454,0,531,3,1800,1810,1840,1847,C,3,0,0,0,0,,,52,32
VA,VA12345,06172024,0455,0,321,4,1905,1922,1937,1947,C,1,0,0,0,0,,,11,86
VA,VA12345,06172024,0456,0,321,1,1241,1253,1318,1322,B,1,0,0,0,0,,,52,32
VA,VA12345,06182024,0457,0,311,1,1848,1858,1942,1954,C,1,0,0,0,0,,,33,13
VA,VA12345,06182024,0458,0,322,4,1434,1447,1522,1534,B,1,0,0,0,0,,,21,13
VA,VA12345,06182024,0459,0,142,1,0657,0702,0743,0749,A,1,0,0,0,0,11606,7024,33,22
VA,VA12345,06182024,0460,0,311,1,1426,1434,1458,1501,B,1,0,0,0,0,,,12,52
VA,VA12345,06182024,0461,0,424,3,1241,1257,1326,1336,B,1,0,0,0,0,,,22,51
VA,VA12345,06182024,0462,0,651,1,1023,1029,1048,1054,B,1,0,0,0,0,,,22,22
VA,VA12345,06182024,0463,0,611,1,2044,2051,2106,2109,C,1,0,0,0,0,,,32,33
VA,VA12345,06192024,0464,0,311,1,2309,2322,2353,2356,C,1,0,0,0,0,,,86,22
VA,VA12345,06192024,0465,0,321,1,0047,0103,0133,0142,A,1,0,0,0,0,,,52,21
VA,VA12345,06192024,0466,0,341,1,1207,1213,1242,1252,B,1,0,0,0,0,,,13,86
VA,VA12345,06202024,0467,0,311,1,0441,0458,0527,0532,A,1,0,0,0,0,,,33,12
VA,VA12345,06202024,0468,0,321,1,0920,0934,1009,1017,B,1,0,0,0,1,,,86,86
VA,VA12345,06212024,0469,0,341,1,1513,1531,1552,1601,B,1,0,0,0,0,,,12,22
VA,VA12345,06212024,0470,0,113,1,2038,2047,2207,2217,C,1,0,0,0,0,22912,14082,22,33
VA,VA12345,06212024,0471,0,400,1,1336,1344,1357,1405,B,1,0,0,0,0,,,51,21
VA,VA12345,06222024,0472,0,311,4,1529,1535,1603,1609,B,1,0,0,0,0,,,12,22
VA,VA12345,06222024,0473,0,321,1,1444,1449,1518,1527,B,1,0,0,0,0,,,51,21
VA,VA12345,06222024,0474,0,114,1,2252,2300,2340,2351,C,1,0,0,0,0,57338,14746,86,11
VA,VA12345,06222024,0475,0,321,1,1133,1145,1209,1221,B,1,0,0,0,0,,,86,51
VA,VA12345,06232024,0476,0,321,1,1234,1239,1259,1309,B,1,0,0,0,0,,,13,32
VA,VA12345,06232024,0477,0,522,1,0814,0824,0846,0849,B,1,0,0,0,0,,,86,22
VA,VA12345,06242024,0478,0,651,1,1956,2004,2034,2040,C,1,0,0,0,0,,,32,51
VA,VA12345,06242024,0479,0,651,1,0808,0826,0837,0840,B,1,0,0,0,0,,,33,52
VA,VA12345,06242024,0480,0,611,1,0407,0412,0429,0441,A,1,0,0,0,0,,,32,22
VA,VA12345,06242024,0481,0,113,1,1701,1716,1820,1827,C,1,0,0,0,0,42888,958,33,32
VA,VA12345,06242024,0482,0,142,3,1818,1833,1905,1910,C,1,0,0,0,0,5516,3163,86,12
VA,VA12345,06252024,0483,0,651,1,1248,1259,1310,1320,B,1,0,0,0,0,,,13,86
VA,VA12345,06252024,0484,0,311,3,1424,1440,1520,1525,B,1,0,0,0,0,,,21,86
VA,VA12345,06262024,0485,0,321,4,0943,0953,1033,1043,B,1,0,0,0,0,,,13,22
VA,VA12345,06262024,0486,0,311,4,0512,0520,0546,0554,A,1,0,0,0,0,,,12,86
VA,VA12345,06262024,0487,0,621,1,1438,1453,1509,1513,B,1,0,0,0,0,,,22,11
VA,VA12345,06262024,0488,0,522,1,0703,0720,0728,0732,A,1,0,0,0,0,,,13,33
VA,VA12345,06272024,0489,0,321,3,0942,0956,1029,1039,B,2,0,0,0,0,,,21,86
VA,VA12345,06272024,0490,0,311,1,2028,2034,2105,2109,C,1,0,0,0,0,,,52,21
VA,VA12345,06272024,0491,0,321,1,1743,1757,1819,1829,C,1,0,0,0,0,,,86,51
VA,VA12345,06272024,0492,0,321,1,1101,1111,1145,1156,B,1,0,0,0,0,,,86,12
VA,VA12345,06282024,0493,0,311,1,1242,1257,1328,1339,B,1,0,0,0,0,,,11,33
VA,VA12345,06292024,0494,0,321,3,2036,2047,2100,2109,C,3,0,0,0,0,,,21,13
VA,VA12345,06292024,0495,0,311,1,1813,1821,1852,1859,C,1,0,0,0,0,,,33,32
VA,VA12345,06302024,0496,0,311,4,1103,1122,1148,1159,B,1,0,0,0,0,,,51,13
VA,VA12345,06302024,0497,0,321,1,1533,1543,1559,1611,B,1,0,0,0,0,,,12,12
VA,VA12345,06302024,0498,0,311,3,1032,1037,1122,1126,B,1,0,0,0,0,,,51,33
VA,VA12345,06302024,0499,0,424,3,1954,2010,2038,2040,C,1,0,0,0,0,,,51,12
VA,VA12345,07012024,0500,0,311,1,2140,2151,2221,2233,C,1,0,0,0,0,,,32,11
VA,VA12345,07012024,0501,0,311,4,1052,1107,1146,1154,B,1,0,0,0,0,,,51,33
VA,VA12345,07022024,0502,0,111,1,0954,1013,1035,1037,B,1,0,0,0,0,103673,60021,22,32
VA,VA12345,07022024,0503,0,321,1,0747,0759,0844,0850,A,1,0,0,0,0,,,86,52
VA,VA12345,07022024,0504,0,400,1,1851,1902,1916,1920,C,1,0,0,0,0,,,52,11
VA,VA12345,07022024,0505,0,322,4,1423,1432,1511,1520,B,1,0,0,0,0,,,21,86
VA,VA12345,07022024,0506,0,321,1,1901,1916,1931,1943,C,1,0,0,0,0,,,13,33
VA,VA12345,07032024,0507,0,621,1,1258,1308,1318,1323,B,1,0,0,0,0,,,12,11
VA,VA12345,07032024,0508,0,500,4,1105,1119,1140,1147,B,1,0,0,0,0,,,51,33
VA,VA12345,07032024,0509,0,321,4,0526,0539,0552,0554,A,1,0,0,0,0,,,12,32
VA,VA12345,07032024,0510,0,321,4,1720,1726,1753,1803,C,1,0,0,0,0,,,12,86
VA,VA12345,07032024,0511,0,341,1,1355,1403,1432,1443,B,1,0,0,0,0,,,12,52
VA,VA12345,07042024,0512,0,611,1,1001,1007,1029,1034,B,1,0,0,0,0,,,51,22
VA,VA12345,07042024,0513,0,142,1,0623,0627,0754,0802,A,1,0,0,0,0,28653,4561,51,21
VA,VA12345,07052024,0514,0,651,1,1013,1030,1059,1104,B,1,0,0,0,0,,,32,52
VA,VA12345,07052024,0515,0,311,1,1315,1323,1335,1344,B,1,0,0,0,0,,,12,12
VA,VA12345,07052024,0516,0,113,1,1816,1820,1922,1927,C,1,0,0,0,0,7982,675,51,33
VA,VA12345,07062024,0517,0,651,3,1619,1627,1652,1654,C,1,0,0,0,0,,,21,22
VA,VA12345,07062024,0518,0,321,1,0645,0654,0713,0720,A,1,0,0,0,0,,,86,12
VA,VA12345,07062024,0519,0,311,1,1156,1210,1242,1250,B,1,0,0,0,0,,,21,11
VA,VA12345,07072024,0520,0,311,1,0930,0943,1002,1011,B,1,0,0,0,0,,,13,22
VA,VA12345,07072024,0521,0,311,1,0805,0813,0835,0845,B,1,0,0,0,0,,,11,33
VA,VA12345,07072024,0522,0,311,1,1911,1918,2001,2013,C,1,0,0,0,0,,,12,86
VA,VA12345,07082024,0523,0,522,4,1606,1611,1621,1630,C,1,0,0,0,0,,,11,86
VA,VA12345,07082024,0524,0,321,1,2241,2253,2313,2318,C,1,0,0,0,0,,,33,52
VA,VA12345,07082024,0525,0,311,1,1225,1242,1319,1322,B,1,0,0,0,0,,,22,13
VA,VA12345,07082024,0526,0,311,4,1151,1207,1227,1234,B,1,0,0,0,0,,,12,21
VA,VA12345,07092024,0527,0,500,1,0627,0638,0706,0714,A,3,0,0,0,0,,,22,21
VA,VA12345,07092024,0528,0,321,1,1441,1454,1533,1536,B,1,0,0,0,0,,,32,33
VA,VA12345,07092024,0529,0,111,3,1336,1340,1505,1508,B,1,0,0,0,0,146810,84751,13,33
VA,VA12345,07102024,0530,0,321,1,0147,0204,0227,0235,A,1,0,0,0,0,,,21,21
VA,VA12345,07102024,0531,0,311,4,1616,1624,1647,1650,C,1,0,0,0,0,,,11,11
VA,VA12345,07102024,0532,0,142,4,1200,1214,1325,1337,B,1,0,0,0,0,24079,11509,12,51
VA,VA12345,07102024,0533,0,111,1,0608,0612,0656,0658,A,1,0,0,0,0,221186,33023,13,51
VA,VA12345,07102024,0534,0,321,4,1909,1914,1936,1940,C,1,0,0,0,0,,,52,32
VA,VA12345,07112024,0535,0,311,1,2003,2017,2056,2104,C,1,0,0,0,0,,,21,12
VA,VA12345,07112024,0536,0,341,3,1437,1447,1517,1519,B,4,0,0,0,0,,,12,21
VA,VA12345,07112024,0537,0,611,1,0739,0752,0822,0830,A,1,0,0,0,0,,,33,32
VA,VA12345,07112024,0538,0,311,1,1643,1652,1722,1730,C,1,0,0,0,0,,,22,52
VA,VA12345,07122024,0539,0,400,1,1044,1053,1106,1111,B,1,0,0,0,0,,,51,32
VA,VA12345,07122024,0540,0,651,1,1003,1013,1032,1044,B,1,0,0,0,0,,,86,12
VA,VA12345,07122024,0541,0,131,1,0714,0726,0819,0826,A,1,0,0,0,0,36629,9244,52,13
VA,VA12345,07122024,0542,0,621,3,1859,1918,1929,1932,C,1,0,0,0,0,,,33,13
VA,VA12345,07122024,0543,0,531,3,0907,0915,0932,0941,B,1,0,0,0,0,,,22,13
VA,VA12345,07132024,0544,0,111,1,1349,1401,1457,1507,B,1,0,0,0,0,119743,77422,12,32
VA,VA12345,07132024,0545,0,311,1,0827,0841,0926,0938,B,1,0,0,0,0,,,33,13
VA,VA12345,07132024,0546,0,311,1,0620,0631,0646,0654,A,1,0,0,0,0,,,33,51
VA,VA12345,07142024,0547,0,322,1,1356,1413,1445,1452,B,1,0,0,0,0,,,12,21
VA,VA12345,07142024,0548,0,321,1,1756,1814,1848,1900,C,1,0,0,0,0,,,12,22
VA,VA12345,07152024,0549,0,321,1,1032,1050,1112,1114,B,1,0,0,0,0,,,51,12
VA,VA12345,07152024,0550,0,341,1,2307,2317,2345,2355,C,1,0,0,0,0,,,52,11
VA,VA12345,07162024,0551,0,500,4,1315,1325,1342,1348,B,1,0,0,0,0,,,33,32
VA,VA12345,07162024,0552,0,321,4,0733,0746,0804,0808,A,1,0,0,0,0,,,22,21
VA,VA12345,07162024,0553,0,311,1,1004,1020,1105,1113,B,1,0,0,0,0,,,21,12
VA,VA12345,07172024,0554,0,311,1,0845,0900,0925,0934,B,2,0,0,0,0,,,52,12
VA,VA12345,07172024,0555,0,321,1,0723,0735,0756,0759,A,1,0,0,0,0,,,22,22
VA,VA12345,07172024,0556,0,111,4,1926,1936,2023,2027,C,1,0,0,0,0,230224,48593,52,21
VA,VA12345,07172024,0557,0,311,4,2150,2207,2227,2237,C,1,0,0,0,0,,,86,13
VA,VA12345,07182024,0558,0,321,3,1942,1952,2029,2036,C,4,0,0,0,0,,,22,11
VA,VA12345,07182024,0559,0,424,4,1550,1604,1632,1635,B,1,0,0,0,0,,,11,52
VA,VA12345,07182024,0560,0,321,1,1448,1453,1516,1518,B,1,0,0,0,0,,,21,13
VA,VA12345,07192024,0561,0,321,1,1202,1211,1250,1254,B,4,0,0,0,0,,,13,33
VA,VA12345,07192024,0562,0,142,4,0909,0915,1014,1022,B,1,0,0,0,0,14777,1817,86,22
VA,VA12345,07192024,0563,0,311,3,1320,1324,1348,1353,B,1,0,0,0,0,,,13,51
VA,VA12345,07192024,0564,0,321,4,0529,0540,0553,0601,A,1,0,0,0,0,,,13,32
VA,VA12345,07202024,0565,0,424,1,1941,1956,2017,2026,C,1,0,0,0,0,,,33,22
VA,VA12345,07212024,0566,0,321,1,1358,1402,1443,1454,B,1,0,0,0,0,,,51,52
VA,VA12345,07212024,0567,0,311,3,1043,1059,1124,1135,B,1,0,0,0,0,,,13,12
VA,VA12345,07212024,0568,0,131,3,1853,1905,1951,2002,C,1,0,0,0,0,32664,12395,21,51
VA,VA12345,07222024,0569,0,311,4,1020,1036,1109,1111,B,1,0,0,0,1,,,11,22
VA,VA12345,07222024,0570,0,322,1,1357,1416,1453,1503,B,1,0,0,0,0,,,21,13
VA,VA12345,07232024,0571,0,311,1,1922,1927,2008,2015,C,1,0,0,0,0,,,86,32
VA,VA12345,07232024,0572,0,321,1,0639,0647,0730,0737,A,1,0,0,0,0,,,32,12
VA,VA12345,07242024,0573,0,321,4,0717,0726,0750,0802,A,1,0,0,0,0,,,22,13
VA,VA12345,07242024,0574,0,321,4,0859,0912,0941,0946,B,4,0,0,0,0,,,21,11
VA,VA12345,07242024,0575,0,322,1,2141,2150,2229,2237,C,1,0,0,0,0,,,11,32
VA,VA12345,07242024,0576,0,311,1,0358,0410,0422,0430,A,1,0,0,0,0,,,32,12
VA,VA12345,07242024,0577,0,311,4,2258,2308,2339,2342,C,1,0,0,0,1,,,86,51
VA,VA12345,07252024,0578,0,111,3,2253,2307,2357,0000,C,1,0,0,0,0,95908,12370,12,86
VA,VA12345,07252024,0579,0,113,1,2044,2049,2205,2207,C,1,0,0,0,0,29999,13662,13,52
VA,VA12345,07252024,0580,0,531,1,1814,1825,1845,1854,C,1,0,0,0,0,,,11,21
VA,VA12345,07262024,0581,0,311,1,1437,1441,1457,1508,B,1,0,0,0,0,,,21,52
VA,VA12345,07262024,0582,0,131,3,1315,1319,1355,1401,B,1,0,0,0,0,33411,3185,22,21
VA,VA12345,07262024,0583,0,311,1,1121,1133,1154,1156,B,1,0,0,0,0,,,32,32
VA,VA12345,07262024,0584,0,424,4,1712,1721,1750,1759,C,1,0,0,0,0,,,52,86
VA,VA12345,07262024,0585,0,311,1,1626,1637,1651,1700,C,1,0,0,0,0,,,32,32
VA,VA12345,07272024,0586,0,400,1,1951,2002,2015,2017,C,3,0,0,0,0,,,32,52
VA,VA12345,07282024,0587,0,111,1,2123,2130,2215,2221,C,1,0,0,0,0,131376,10817,22,51
VA,VA12345,07282024,0588,0,522,1,2101,2112,2140,2143,C,1,0,0,0,0,,,22,33
VA,VA12345,07282024,0589,0,611,1,2339,2344,2356,0000,C,1,0,0,0,0,,,32,11
VA,VA12345,07292024,0590,0,424,1,2018,2027,2036,2048,C,1,0,0,0,0,,,32,13
VA,VA12345,07292024,0591,0,321,4,1950,1956,2040,2048,C,1,0,0,0,0,,,86,33
VA,VA12345,07292024,0592,0,621,4,1845,1856,1922,1930,C,1,0,0,0,0,,,32,21
VA,VA12345,07302024,0593,0,311,1,2025,2038,2100,2107,C,1,0,0,0,0,,,86,32
VA,VA12345,07302024,0594,0,321,1,1629,1641,1721,1730,C,1,0,0,0,0,,,22,21
VA,VA12345,07312024,0595,0,311,1,1205,1221,1250,1255,B,1,0,0,0,0,,,86,51
VA,VA12345,07312024,0596,0,424,1,1152,1201,1231,1242,B,1,0,0,0,0,,,11,51
VA,VA12345,07312024,0597,0,424,1,1122,1135,1201,1213,B,1,0,0,0,0,,,12,32
VA,VA12345,07312024,0598,0,311,1,1047,1100,1141,1150,B,1,0,0,0,0,,,12,32
VA,VA12345,08012024,0599,0,321,4,1354,1402,1422,1428,B,4,0,0,0,0,,,12,33
VA,VA12345,08012024,0600,0,111,3,1137,1143,1222,1229,B,1,0,0,0,0,133531,59201,13,33
VA,VA12345,08012024,0601,0,114,1,1230,1247,1345,1348,B,1,0,0,0,0,34470,7520,13,12
VA,VA12345,08012024,0602,0,311,3,1114,1125,1140,1147,B,3,0,0,0,0,,,13,22
VA,VA12345,08012024,0603,0,400,1,1530,1540,1552,1557,B,1,0,0,0,0,,,51,52
VA,VA12345,08022024,0604,0,111,3,1312,1324,1352,1400,B,1,0,0,0,0,231029,13122,13,51
VA,VA12345,08022024,0605,0,311,1,1758,1810,1833,1841,C,1,0,0,0,0,,,22,52
VA,VA12345,08022024,0606,0,621,3,0644,0651,0707,0719,A,1,0,0,0,0,,,32,21
VA,VA12345,08022024,0607,0,321,1,1348,1355,1413,1423,B,1,0,0,0,0,,,11,13
VA,VA12345,08032024,0608,0,400,1,1743,1755,1815,1820,C,3,0,0,0,0,,,21,21
VA,VA12345,08032024,0609,0,321,1,1305,1321,1401,1405,B,1,0,0,0,1,,,13,22
VA,VA12345,08032024,0610,0,400,4,1134,1140,1209,1211,B,1,0,0,0,0,,,33,32
VA,VA12345,08032024,0611,0,522,1,1303,1313,1343,1349,B,1,0,0,0,0,,,32,86
VA,VA12345,08042024,0612,0,651,1,0101,0110,0139,0151,A,1,0,0,0,0,,,22,22
VA,VA12345,08042024,0613,0,114,1,0332,0343,0427,0438,A,1,0,0,0,0,52384,6689,11,12
VA,VA12345,08042024,0614,0,311,1,1700,1710,1726,1738,C,1,0,0,0,0,,,51,52
VA,VA12345,08052024,0615,0,341,1,1406,1415,1426,1437,B,1,0,0,0,0,,,22,86
VA,VA12345,08052024,0616,0,611,1,0948,1004,1027,1030,B,4,0,0,0,0,,,33,52
VA,VA12345,08052024,0617,0,311,1,1800,1808,1835,1843,C,1,0,0,0,0,,,22,12
VA,VA12345,08062024,0618,0,651,1,2138,2156,2214,2218,C,1,0,0,0,0,,,12,51
VA,VA12345,08062024,0619,0,522,3,1814,1825,1840,1845,C,1,0,0,0,0,,,32,52
VA,VA12345,08062024,0620,0,311,1,2033,2050,2102,2105,C,1,0,0,0,0,,,32,22
VA,VA12345,08072024,0621,0,321,1,0637,0645,0729,0732,A,1,0,0,0,0,,,22,52
VA,VA12345,08072024,0622,0,321,1,1018,1027,1109,1112,B,1,0,0,0,0,,,12,22
VA,VA12345,08072024,0623,0,321,3,1950,2003,2020,2026,C,1,0,0,0,0,,,51,21
VA,VA12345,08072024,0624,0,321,1,1135,1144,1204,1213,B,1,0,0,1,0,,,86,21
VA,VA12345,08082024,0625,0,311,1,1247,1258,1314,1322,B,1,0,0,0,0,,,12,51
VA,VA12345,08082024,0626,0,341,4,1948,2005,2035,2042,C,1,0,0,0,0,,,21,11
VA,VA12345,08092024,0627,0,321,3,2123,2138,2159,2205,C,1,0,0,0,0,,,22,11
VA,VA12345,08092024,0628,0,321,1,0705,0718,0735,0745,A,1,0,0,0,0,,,33,33
VA,VA12345,08092024,0629,0,321,4,1724,1743,1800,1803,C,1,0,0,0,0,,,32,12
VA,VA12345,08092024,0630,0,651,4,1800,1807,1818,1821,C,1,0,0,0,0,,,22,86
VA,VA12345,08102024,0631,0,621,1,1432,1448,1502,1506,B,1,0,0,0,0,,,12,21
VA,VA12345,08102024,0632,0,114,1,1739,1745,1842,1845,C,1,0,0,0,0,23213,1311,11,51
VA,VA12345,08102024,0633,0,321,1,1800,1805,1830,1840,C,1,0,0,0,0,,,21,21
VA,VA12345,08112024,0634,0,311,1,1838,1854,1927,1934,C,1,0,0,0,0,,,86,86
VA,VA12345,08112024,0635,0,311,3,1900,1918,1938,1940,C,1,0,0,0,0,,,32,86
VA,VA12345,08112024,0636,0,321,1,1343,1358,1436,1448,B,4,0,0,0,1,,,86,11
VA,VA12345,08122024,0637,0,321,1,1714,1732,1749,1756,C,1,0,0,0,0,,,13,12
VA,VA12345,08122024,0638,0,341,1,1112,1118,1141,1144,B,1,0,0,0,0,,,21,13
VA,VA12345,08122024,0639,0,311,1,1434,1441,1458,1501,B,1,0,0,0,0,,,12,51
VA,VA12345,08122024,0640,0,321,4,1016,1030,1050,1100,B,1,0,0,0,0,,,52,52
VA,VA12345,08122024,0641,0,311,1,0521,0538,0617,0622,A,1,0,0,0,0,,,52,32
VA,VA12345,08132024,0642,0,321,4,1807,1817,1853,1904,C,2,0,0,0,0,,,12,86
VA,VA12345,08132024,0643,0,322,1,1951,2004,2030,2033,C,3,0,0,0,0,,,32,21
VA,VA12345,08132024,0644,0,321,1,1709,1725,1739,1750,C,1,0,0,0,0,,,52,21
VA,VA12345,08142024,0645,0,111,4,1124,1132,1218,1223,B,1,0,0,0,0,158407,94409,22,11
VA,VA12345,08142024,0646,0,311,1,1521,1533,1610,1618,B,1,0,0,0,0,,,33,12
VA,VA12345,08142024,0647,0,400,4,0720,0735,0752,0801,A,1,0,0,0,0,,,22,32
VA,VA12345,08152024,0648,0,311,1,1047,1056,1114,1126,B,1,0,0,0,0,,,11,13
VA,VA12345,08152024,0649,0,142,1,1230,1235,1400,1412,B,1,0,0,0,0,9892,6698,21,51
VA,VA12345,08152024,0650,0,321,4,1811,1830,1847,1856,C,1,0,0,0,1,,,13,13
VA,VA12345,08162024,0651,0,111,1,2114,2125,2157,2208,C,1,0,0,0,0,165256,16322,33,22
VA,VA12345,08162024,0652,0,111,3,1244,1252,1418,1429,B,1,0,0,0,0,110756,31680,52,22
VA,VA12345,08162024,0653,0,500,1,0028,0032,0044,0055,A,1,0,0,0,0,,,13,13
VA,VA12345,08162024,0654,0,621,1,1423,1434,1503,1505,B,1,0,0,0,0,,,33,21
VA,VA12345,08172024,0655,0,322,4,0831,0846,0930,0935,B,1,0,0,0,0,,,51,32
VA,VA12345,08172024,0656,0,321,1,2238,2248,2308,2319,C,1,0,0,0,0,,,12,21
VA,VA12345,08172024,0657,0,322,4,0616,0629,0654,0657,A,1,0,0,0,0,,,86,52
VA,VA12345,08172024,0658,0,321,1,1752,1803,1824,1831,C,1,0,0,0,0,,,33,13
VA,VA12345,08182024,0659,0,311,1,1105,1123,1152,1156,B,1,0,0,0,0,,,13,13
VA,VA12345,08182024,0660,0,531,4,0946,0954,1018,1025,B,1,0,0,0,0,,,11,22
VA,VA12345,08192024,0661,0,311,3,1148,1206,1243,1252,B,1,0,0,0,0,,,22,22
VA,VA12345,08192024,0662,0,311,3,1247,1304,1331,1343,B,1,0,0,0,0,,,21,33
VA,VA12345,08202024,0663,0,611,1,1445,1454,1522,1525,B,1,0,0,0,0,,,32,13
VA,VA12345,08202024,0664,0,113,1,0903,0917,1040,1042,B,1,0,0,0,0,49353,17945,13,12
VA,VA12345,08202024,0665,0,611,4,0112,0127,0148,0158,A,1,0,0,0,0,,,33,52
VA,VA12345,08212024,0666,0,621,1,0328,0335,0345,0352,A,1,0,0,0,0,,,86,13
VA,VA12345,08212024,0667,0,311,1,1243,1251,1322,1331,B,1,1,0,0,0,,,51,33
VA,VA12345,08212024,0668,0,611,3,1902,1909,1928,1930,C,1,0,0,0,0,,,22,12
VA,VA12345,08212024,0669,0,311,1,1206,1212,1257,1307,B,1,0,0,1,0,,,51,32
VA,VA12345,08212024,0670,0,311,1,1423,1432,1501,1504,B,1,0,0,0,0,,,11,86
VA,VA12345,08212024,0671,0,311,1,2045,2054,2108,2112,C,1,0,0,0,0,,,21,51
VA,VA12345,08222024,0672,0,341,4,1443,1501,1521,1531,B,1,0,0,0,0,,,13,11
VA,VA12345,08222024,0673,0,321,3,0822,0827,0900,0908,B,1,0,0,0,0,,,12,32
VA,VA12345,08222024,0674,0,321,4,1646,1655,1714,1720,C,1,0,0,0,0,,,13,33
VA,VA12345,08222024,0675,0,651,1,1612,1620,1631,1635,C,2,0,0,0,0,,,13,11
VA,VA12345,08232024,0676,0,311,1,1233,1241,1314,1322,B,1,0,0,0,0,,,86,51
VA,VA12345,08232024,0677,0,311,1,2245,2251,2314,2316,C,1,0,0,0,0,,,52,13
VA,VA12345,08232024,0678,0,621,1,1316,1327,1344,1347,B,1,0,0,0,0,,,86,86
VA,VA12345,08232024,0679,0,321,3,1837,1846,1915,1920,C,1,0,0,0,0,,,13,11
VA,VA12345,08242024,0680,0,311,3,1712,1720,1736,1746,C,1,0,0,0,0,,,22,11
VA,VA12345,08252024,0681,0,321,1,0826,0844,0918,0925,B,1,0,0,0,0,,,33,33
VA,VA12345,08252024,0682,0,321,1,1910,1919,1933,1944,C,1,0,0,0,0,,,33,33
VA,VA12345,08262024,0683,0,321,1,1824,1837,1906,1911,C,4,0,0,0,0,,,33,21
VA,VA12345,08262024,0684,0,321,3,1446,1455,1525,1531,B,1,0,0,0,0,,,22,51
VA,VA12345,08262024,0685,0,531,3,2117,2131,2146,2151,C,1,0,0,0,0,,,86,13
VA,VA12345,08262024,0686,0,321,1,2256,2307,2337,2344,C,1,0,0,0,0,,,51,22
VA,VA12345,08272024,0687,0,321,1,1001,1016,1052,1104,B,1,0,0,0,0,,,32,86
VA,VA12345,08272024,0688,0,321,4,1137,1146,1226,1231,B,1,0,0,0,0,,,22,21
VA,VA12345,08272024,0689,0,142,1,0955,1013,1056,1108,B,2,0,0,0,0,6702,1380,12,32
VA,VA12345,08282024,0690,0,321,1,1246,1259,1317,1325,B,2,0,0,0,0,,,32,13
VA,VA12345,08282024,0691,0,321,4,1140,1156,1214,1224,B,1,0,0,0,0,,,52,21
VA,VA12345,08292024,0692,0,311,4,1919,1927,1942,1952,C,1,0,0,0,0,,,33,51
VA,VA12345,08292024,0693,0,522,1,0756,0801,0816,0818,A,1,0,0,0,0,,,12,13
VA,VA12345,08292024,0694,0,311,1,1407,1418,1434,1445,B,1,0,0,0,0,,,52,22
VA,VA12345,08292024,0695,0,311,4,0933,0948,1027,1031,B,1,0,0,0,0,,,51,21
VA,VA12345,08302024,0696,0,500,1,1945,1951,2019,2023,C,1,0,0,0,0,,,13,13
VA,VA12345,08302024,0697,0,311,1,1546,1555,1615,1619,B,1,0,0,0,0,,,52,86
VA,VA12345,08312024,0698,0,611,3,0841,0854,0919,0928,B,1,0,0,0,0,,,52,12
VA,VA12345,09012024,0699,0,322,1,1914,1924,1936,1941,C,1,0,0,0,0,,,86,86
VA,VA12345,09022024,0700,0,424,3,2055,2104,2126,2130,C,1,0,0,0,0,,,11,22
VA,VA12345,09022024,0701,0,322,1,0744,0802,0815,0823,A,1,0,0,0,0,,,52,22
VA,VA12345,09022024,0702,0,131,1,0223,0229,0250,0301,A,1,0,0,0,0,17814,8503,12,86
VA,VA12345,09032024,0703,0,131,1,0107,0120,0202,0212,A,3,0,0,0,0,38118,10172,33,51
VA,VA12345,09032024,0704,0,611,1,1827,1834,1858,1906,C,1,0,0,0,0,,,33,52
VA,VA12345,09042024,0705,0,322,1,2052,2104,2141,2149,C,1,0,0,0,0,,,13,13
VA,VA12345,09042024,0706,0,522,3,1249,1256,1313,1317,B,1,0,0,1,0,,,32,33
VA,VA12345,09042024,0707,0,111,1,0959,1006,1031,1042,B,3,0,0,0,0,184369,73564,32,86
VA,VA12345,09052024,0708,0,322,3,2244,2256,2340,2343,C,1,0,0,0,0,,,52,11
VA,VA12345,09052024,0709,0,322,1,1109,1123,1140,1145,B,1,0,0,0,0,,,33,33
VA,VA12345,09052024,0710,0,321,1,2338,2351,0011,0018,C,1,0,0,0,0,,,12,32
VA,VA12345,09062024,0711,0,321,1,1039,1053,1136,1139,B,1,0,0,0,0,,,13,21
VA,VA12345,09072024,0712,0,113,1,2110,2121,2152,2155,C,1,0,0,0,0,33969,5102,13,52
VA,VA12345,09072024,0713,0,522,1,1423,1436,1503,1515,B,1,0,0,0,0,,,13,12
VA,VA12345,09072024,0714,0,531,4,1416,1429,1457,1459,B,1,0,0,0,0,,,13,51
VA,VA12345,09082024,0715,0,311,4,1236,1243,1319,1328,B,1,0,0,0,0,,,21,13
VA,VA12345,09082024,0716,0,114,1,0646,0705,0820,0825,A,1,0,0,0,0,72419,4746,51,21
VA,VA12345,09082024,0717,0,621,3,0309,0324,0338,0345,A,4,0,0,0,0,,,12,21
VA,VA12345,09092024,0718,0,322,1,0148,0158,0221,0224,A,1,0,0,0,0,,,12,33
VA,VA12345,09092024,0719,0,311,1,1057,1102,1141,1148,B,1,0,0,0,0,,,22,12
VA,VA12345,09092024,0720,0,321,4,1244,1256,1320,1323,B,1,0,0,0,0,,,86,11
VA,VA12345,09102024,0721,0,611,1,0829,0841,0852,0904,B,1,0,0,0,0,,,22,21
VA,VA12345,09102024,0722,0,113,4,1737,1753,1837,1845,C,1,0,0,0,0,49540,19401,11,86
VA,VA12345,09102024,0723,0,311,4,1901,1915,1934,1943,C,1,0,0,0,0,,,12,33
VA,VA12345,09112024,0724,0,311,1,2129,2142,2204,2214,C,1,0,0,0,0,,,51,52
VA,VA12345,09112024,0725,0,522,4,2157,2213,2224,2227,C,3,0,0,0,0,,,33,13
VA,VA12345,09112024,0726,0,321,1,1732,1746,1816,1824,C,1,0,0,0,0,,,21,13
VA,VA12345,09112024,0727,0,611,1,1250,1307,1337,1345,B,1,0,0,0,0,,,51,51
VA,VA12345,09122024,0728,0,611,1,2050,2055,2116,2118,C,3,0,0,0,0,,,86,86
VA,VA12345,09122024,0729,0,651,3,0936,0949,1009,1014,B,1,0,0,0,0,,,22,12
VA,VA12345,09122024,0730,0,311,1,2311,2325,2347,2355,C,1,0,0,0,0,,,12,51
VA,VA12345,09132024,0731,0,113,3,1105,1112,1151,1153,B,1,0,0,0,0,13555,15367,86,22
VA,VA12345,09132024,0732,0,311,1,1057,1110,1137,1145,B,1,0,0,0,0,,,52,13
VA,VA12345,09132024,0733,0,321,1,0759,0805,0835,0841,A,1,0,0,0,0,,,12,13
VA,VA12345,09142024,0734,0,311,4,1401,1418,1434,1439,B,1,0,0,0,0,,,22,22
VA,VA12345,09142024,0735,0,142,1,1157,1202,1305,1312,B,1,0,1,0,0,5984,3359,52,11
VA,VA12345,09152024,0736,0,531,1,1913,1920,1928,1935,C,1,0,0,0,0,,,21,32
VA,VA12345,09162024,0737,0,322,3,2222,2235,2318,2326,C,1,0,0,0,0,,,51,12
VA,VA12345,09162024,0738,0,424,1,0750,0758,0812,0821,A,1,0,0,0,0,,,52,13
VA,VA12345,09162024,0739,0,311,1,1627,1638,1654,1703,C,1,0,0,0,0,,,52,33
VA,VA12345,09172024,0740,0,311,1,0920,0930,0957,1000,B,1,0,0,0,0,,,86,11
VA,VA12345,09172024,0741,0,311,1,1813,1822,1838,1846,C,1,0,0,0,0,,,52,13
VA,VA12345,09172024,0742,0,311,1,1541,1553,1625,1630,B,3,0,0,0,0,,,13,21
VA,VA12345,09182024,0743,0,321,1,0920,0934,0947,0953,B,1,0,0,0,0,,,51,22
VA,VA12345,09182024,0744,0,111,1,2025,2034,2056,2059,C,1,0,0,0,0,184947,18455,33,86
VA,VA12345,09182024,0745,0,311,3,1403,1417,1436,1443,B,1,0,0,0,0,,,86,12
VA,VA12345,09192024,0746,0,311,1,1851,1906,1921,1927,C,1,0,0,0,0,,,52,12
VA,VA12345,09192024,0747,0,611,1,1110,1118,1130,1137,B,1,0,0,0,0,,,21,13
VA,VA12345,09192024,0748,0,321,1,1415,1426,1458,1507,B,1,0,0,0,0,,,32,32
VA,VA12345,09202024,0749,0,651,1,1804,1811,1819,1831,C,1,0,0,0,0,,,52,33
VA,VA12345,09202024,0750,0,424,1,1420,1437,1459,1511,B,1,0,0,0,0,,,12,21
VA,VA12345,09202024,0751,0,311,1,2032,2042,2058,2104,C,1,0,0,0,0,,,22,21
VA,VA12345,09212024,0752,0,311,3,1057,1103,1145,1157,B,1,0,0,0,0,,,12,32
VA,VA12345,09212024,0753,0,311,1,0832,0838,0918,0924,B,1,0,0,0,0,,,51,32
VA,VA12345,09212024,0754,0,311,4,1238,1253,1332,1335,B,2,0,0,0,0,,,11,52
VA,VA12345,09222024,0755,0,321,1,1104,1113,1150,1158,B,1,0,0,0,0,,,32,22
VA,VA12345,09232024,0756,0,311,4,1138,1143,1206,1216,B,1,0,0,0,0,,,22,86
VA,VA12345,09232024,0757,0,142,1,1710,1719,1740,1752,C,1,0,0,0,0,26912,359,52,86
VA,VA12345,09232024,0758,0,111,1,2237,2249,2323,2325,C,1,0,0,0,0,118425,20308,13,51
VA,VA12345,09242024,0759,0,311,1,1921,1935,2003,2015,C,1,0,0,0,0,,,86,33
VA,VA12345,09242024,0760,0,531,3,1954,2002,2018,2030,C,1,0,0,0,0,,,22,86
VA,VA12345,09252024,0761,0,311,1,1827,1834,1910,1922,C,1,0,0,0,0,,,21,33
VA,VA12345,09252024,0762,0,322,1,0958,1010,1048,1054,B,1,0,0,0,0,,,13,12
VA,VA12345,09262024,0763,0,621,1,1936,1946,1957,1959,C,1,0,0,0,0,,,51,52
VA,VA12345,09262024,0764,0,311,1,1510,1517,1547,1549,B,3,0,0,0,0,,,11,12
VA,VA12345,09262024,0765,0,111,3,1253,1301,1405,1411,B,1,0,0,0,0,131570,64629,52,13
VA,VA12345,09272024,0766,0,500,1,2115,2128,2148,2151,C,1,0,0,0,0,,,86,52
VA,VA12345,09272024,0767,0,311,1,0849,0900,0924,0930,B,1,0,0,0,0,,,12,12
VA,VA12345,09272024,0768,0,311,1,0633,0647,0721,0730,A,1,0,0,0,0,,,33,11
VA,VA12345,09282024,0769,0,113,3,2226,2240,2338,2343,C,1,0,0,0,0,30733,4626,12,11
VA,VA12345,09282024,0770,0,531,1,1348,1355,1405,1407,B,1,0,0,0,0,,,51,52
VA,VA12345,09292024,0771,0,321,1,0547,0602,0627,0637,A,1,0,0,0,0,,,22,51
VA,VA12345,09302024,0772,0,651,4,1746,1802,1825,1836,C,1,0,0,0,0,,,33,13
VA,VA12345,09302024,0773,0,321,1,1006,1019,1034,1037,B,1,0,0,0,0,,,33,51
VA,VA12345,09302024,0774,0,311,1,1943,1953,2014,2026,C,1,0,0,0,0,,,33,32
VA,VA12345,10012024,0775,0,321,1,1737,1749,1825,1828,C,1,0,0,0,0,,,52,12
VA,VA12345,10012024,0776,0,111,1,0019,0026,0131,0135,A,1,0,0,0,0,211912,35627,86,33
VA,VA12345,10022024,0777,0,142,4,1204,1214,1317,1326,B,1,0,0,0,0,4235,10769,21,12
VA,VA12345,10022024,0778,0,321,3,2238,2246,2318,2329,C,1,0,0,0,0,,,22,32
VA,VA12345,10022024,0779,0,321,1,0706,0718,0744,0749,A,1,0,0,0,0,,,12,13
VA,VA12345,10032024,0780,0,113,1,0347,0402,0425,0429,A,1,0,0,0,0,17826,8773,21,21
VA,VA12345,10032024,0781,0,311,1,1714,1725,1810,1815,C,1,0,0,0,0,,,22,11
VA,VA12345,10032024,0782,0,321,4,1226,1235,1258,1310,B,1,0,0,0,0,,,32,52
VA,VA12345,10042024,0783,0,311,1,1932,1949,2005,2014,C,1,0,0,0,0,,,33,51
VA,VA12345,10042024,0784,0,311,1,0731,0737,0803,0809,A,1,0,0,0,0,,,51,13
VA,VA12345,10042024,0785,0,522,3,1515,1527,1554,1556,B,1,0,0,0,0,,,51,11
VA,VA12345,10052024,0786,0,424,4,0956,1004,1029,1036,B,1,0,0,0,0,,,52,52
VA,VA12345,10052024,0787,0,500,4,1848,1855,1916,1927,C,1,0,0,0,0,,,51,11
VA,VA12345,10052024,0788,0,321,1,0731,0743,0825,0831,A,2,0,0,0,0,,,52,12
VA,VA12345,10062024,0789,0,111,4,1747,1754,1903,1911,C,1,0,0,0,0,241389,56196,86,32
VA,VA12345,10062024,0790,0,111,1,1258,1304,1325,1330,B,1,0,0,0,0,83905,40757,11,13
VA,VA12345,10072024,0791,0,311,1,1120,1129,1149,1200,B,1,0,0,0,0,,,33,32
VA,VA12345,10072024,0792,0,500,1,1447,1459,1529,1535,B,1,0,0,0,0,,,51,86
VA,VA12345,10072024,0793,0,114,1,1832,1844,2006,2012,C,1,0,0,0,0,37625,5022,86,22
VA,VA12345,10072024,0794,0,322,1,0215,0223,0236,0245,A,1,0,0,0,0,,,11,51
VA,VA12345,10082024,0795,0,321,1,2024,2037,2117,2119,C,1,0,0,0,0,,,51,11
VA,VA12345,10082024,0796,0,611,1,1522,1532,1558,1603,B,1,0,0,0,0,,,11,13
VA,VA12345,10082024,0797,0,611,3,1546,1600,1622,1630,B,1,0,0,0,0,,,21,32
VA,VA12345,10092024,0798,0,113,1,1917,1934,2103,2109,C,1,0,0,0,0,47797,904,13,51
VA,VA12345,10092024,0799,0,522,1,1520,1532,1554,1556,B,2,0,0,0,0,,,32,12
VA,VA12345,10092024,0800,0,311,1,0405,0412,0452,0456,A,1,0,0,0,0,,,22,22
VA,VA12345,10102024,0801,0,111,4,2041,2055,2119,2123,C,1,0,0,0,0,147909,41743,11,86
VA,VA12345,10102024,0802,0,321,1,1502,1509,1525,1535,B,1,0,0,0,0,,,12,13
VA,VA12345,10102024,0803,0,311,1,1756,1805,1840,1847,C,1,0,0,0,0,,,11,22
VA,VA12345,10112024,0804,0,111,4,0837,0854,0954,1004,B,1,0,0,0,0,232747,12272,22,12
VA,VA12345,10112024,0805,0,113,4,1941,1948,2112,2123,C,1,0,0,0,0,8370,15977,33,33
VA,VA12345,10122024,0806,0,311,1,1317,1326,1359,1404,B,1,0,0,0,0,,,21,12
VA,VA12345,10122024,0807,0,321,1,1222,1231,1313,1324,B,1,0,0,0,0,,,22,33
VA,VA12345,10122024,0808,0,311,1,1058,1112,1140,1146,B,1,0,0,0,0,,,52,21
VA,VA12345,10132024,0809,0,311,3,2156,2202,2240,2246,C,1,0,0,0,0,,,12,11
VA,VA12345,10142024,0810,0,131,1,1804,1817,1922,1926,C,1,0,0,0,0,19031,10490,52,52
VA,VA12345,10142024,0811,0,111,1,0746,0759,0911,0923,A,1,0,0,0,0,234549,74764,13,22
VA,VA12345,10152024,0812,0,311,4,1241,1254,1317,1327,B,1,0,0,0,0,,,86,11
VA,VA12345,10152024,0813,0,321,1,1557,1608,1640,1648,B,1,0,0,0,0,,,32,12
VA,VA12345,10152024,0814,0,531,1,1436,1443,1502,1508,B,1,0,0,0,0,,,51,51
VA,VA12345,10152024,0815,0,114,1,2348,0003,0058,0102,C,1,0,0,0,0,35576,1218,21,11
VA,VA12345,10162024,0816,0,621,1,1218,1236,1258,1308,B,1,0,0,0,0,,,13,21
VA,VA12345,10162024,0817,0,311,1,2031,2040,2059,2106,C,1,0,0,0,0,,,86,51
VA,VA12345,10172024,0818,0,322,4,1704,1710,1749,1752,C,1,0,0,0,0,,,11,11
VA,VA12345,10182024,0819,0,311,1,1037,1052,1116,1122,B,1,0,0,0,0,,,32,13
VA,VA12345,10182024,0820,0,341,1,2254,2259,2320,2323,C,1,0,0,0,0,,,51,52
VA,VA12345,10182024,0821,0,311,1,1237,1250,1335,1347,B,1,0,0,0,0,,,21,12
VA,VA12345,10192024,0822,0,114,1,1114,1126,1243,1250,B,1,0,0,0,0,62178,24095,22,21
VA,VA12345,10202024,0823,0,321,1,2055,2112,2139,2141,C,1,0,0,0,0,,,33,86
VA,VA12345,10202024,0824,0,311,1,1020,1033,1110,1116,B,1,0,0,0,0,,,51,21
VA,VA12345,10212024,0825,0,424,1,0913,0926,0953,1000,B,1,0,0,0,0,,,13,86
VA,VA12345,10212024,0826,0,424,1,2149,2203,2212,2222,C,1,0,0,0,0,,,32,51
VA,VA12345,10222024,0827,0,311,1,1958,2008,2035,2037,C,1,0,0,0,0,,,21,11
VA,VA12345,10222024,0828,0,111,1,0919,0924,1018,1021,B,1,0,0,0,0,99369,74127,12,11
VA,VA12345,10222024,0829,0,321,3,0153,0159,0236,0241,A,1,0,0,0,0,,,51,51
VA,VA12345,10232024,0830,0,321,1,2236,2248,2305,2310,C,1,0,0,0,0,,,32,12
VA,VA12345,10232024,0831,0,341,1,0131,0149,0214,0217,A,1,0,0,0,0,,,86,21
VA,VA12345,10242024,0832,0,311,3,1541,1558,1615,1618,B,1,0,0,0,0,,,22,12
VA,VA12345,10242024,0833,0,321,1,1630,1635,1718,1724,C,1,0,0,0,0,,,52,52
VA,VA12345,10242024,0834,0,311,1,1200,1217,1300,1310,B,1,0,0,0,0,,,33,33
VA,VA12345,10252024,0835,0,311,1,0606,0616,0636,0638,A,1,0,0,0,0,,,13,11
VA,VA12345,10252024,0836,0,142,1,2031,2040,2210,2218,C,2,0,0,0,0,19120,5481,52,86
VA,VA12345,10252024,0837,0,131,3,1510,1527,1634,1644,B,1,0,0,0,0,35931,3017,22,33
VA,VA12345,10252024,0838,0,111,1,1830,1839,1918,1927,C,1,0,0,0,0,200217,51389,13,11
VA,VA12345,10252024,0839,0,131,4,1638,1654,1742,1749,C,2,0,0,0,0,18018,6817,52,12
VA,VA12345,10272024,0840,0,113,1,1712,1718,1805,1811,C,1,0,0,0,0,26637,19363,52,52
VA,VA12345,10272024,0841,0,341,1,1151,1201,1214,1216,B,1,0,0,0,0,,,22,21
VA,VA12345,10272024,0842,0,113,1,2020,2026,2151,2200,C,1,0,0,0,0,29727,13133,21,86
VA,VA12345,10282024,0843,0,311,4,1133,1146,1211,1215,B,1,0,0,0,0,,,21,51
VA,VA12345,10282024,0844,0,611,1,1735,1743,1751,1758,C,1,0,0,0,0,,,32,12
VA,VA12345,10292024,0845,0,311,1,2312,2317,2348,2355,C,1,0,0,0,1,,,51,11
VA,VA12345,10302024,0846,0,321,4,1741,1756,1824,1830,C,1,0,0,0,0,,,21,52
VA,VA12345,10302024,0847,0,142,3,1731,1735,1842,1844,C,1,0,0,0,0,15748,2156,11,21
VA,VA12345,10302024,0848,0,311,4,1703,1712,1725,1732,C,1,0,0,0,0,,,52,86
VA,VA12345,10302024,0849,0,311,1,1442,1447,1511,1521,B,1,0,0,0,0,,,32,33
VA,VA12345,10312024,0850,0,311,3,2000,2007,2040,2049,C,1,0,0,0,0,,,13,22
VA,VA12345,10312024,0851,0,311,1,1811,1827,1849,1851,C,1,0,0,0,0,,,51,32
VA,VA12345,11012024,0852,0,131,1,1847,1857,1953,1957,C,1,0,0,0,0,13803,5632,51,21
VA,VA12345,11012024,0853,0,311,4,1031,1042,1127,1136,B,1,0,0,0,0,,,22,33
VA,VA12345,11012024,0854,0,311,3,1544,1553,1626,1636,B,1,0,0,0,0,,,51,32
VA,VA12345,11022024,0855,0,321,1,0742,0751,0832,0843,A,1,0,0,0,0,,,13,86
VA,VA12345,11022024,0856,0,131,1,2000,2012,2115,2127,C,1,0,0,0,0,22385,14058,52,21
VA,VA12345,11032024,0857,0,311,4,1644,1658,1725,1731,C,1,0,0,0,0,,,32,33
VA,VA12345,11032024,0858,0,424,3,0727,0743,0751,0755,A,1,0,0,0,0,,,33,32
VA,VA12345,11042024,0859,0,311,1,0842,0847,0918,0922,B,1,0,0,1,0,,,22,51
VA,VA12345,11042024,0860,0,311,1,1111,1122,1139,1144,B,1,0,0,0,0,,,86,13
VA,VA12345,11042024,0861,0,311,4,1443,1455,1531,1540,B,1,0,0,0,0,,,22,12
VA,VA12345,11042024,0862,0,311,1,1957,2013,2050,2100,C,1,0,0,0,0,,,52,22
VA,VA12345,11052024,0863,0,311,4,1923,1936,2013,2016,C,1,0,0,0,0,,,13,86
VA,VA12345,11052024,0864,0,311,1,1211,1221,1257,1309,B,3,0,0,0,0,,,13,21
VA,VA12345,11062024,0865,0,531,3,1841,1847,1905,1909,C,1,0,0,1,0,,,12,12
VA,VA12345,11062024,0866,0,311,1,1919,1932,2012,2022,C,1,0,0,0,0,,,13,22
VA,VA12345,11062024,0867,0,400,4,2334,2340,2348,2355,C,1,0,0,0,0,,,21,12
VA,VA12345,11072024,0868,0,111,3,0418,0432,0538,0540,A,1,0,0,0,0,222278,43027,22,51
VA,VA12345,11072024,0869,0,311,1,1201,1217,1231,1242,B,1,0,0,0,0,,,13,33
VA,VA12345,11082024,0870,0,611,1,1727,1740,1810,1821,C,1,0,0,0,0,,,52,21
VA,VA12345,11082024,0871,0,311,3,0320,0334,0352,0400,A,1,0,0,0,0,,,12,12
VA,VA12345,11082024,0872,0,311,3,0147,0157,0216,0221,A,1,0,0,0,0,,,32,11
VA,VA12345,11082024,0873,0,311,3,1230,1241,1304,1310,B,1,0,0,0,0,,,51,11
VA,VA12345,11092024,0874,0,424,3,1201,1210,1226,1235,B,1,0,0,0,0,,,86,32
VA,VA12345,11092024,0875,0,341,3,0518,0534,0555,0607,A,1,0,0,0,1,,,86,86
VA,VA12345,11092024,0876,0,131,4,1228,1238,1406,1410,B,1,0,0,0,0,23942,9996,86,13
VA,VA12345,11102024,0877,0,400,1,1218,1235,1257,1259,B,1,0,0,0,0,,,11,51
VA,VA12345,11102024,0878,0,651,3,1531,1546,1558,1606,B,1,0,0,0,0,,,13,52
VA,VA12345,11102024,0879,0,131,1,1155,1210,1322,1329,B,1,0,0,0,0,36991,12053,86,33
VA,VA12345,11112024,0880,0,311,1,1525,1539,1620,1626,B,1,0,0,0,1,,,86,21
VA,VA12345,11112024,0881,0,611,1,1743,1759,1827,1835,C,1,0,0,0,0,,,52,33
VA,VA12345,11112024,0882,0,321,1,2338,2345,0017,0028,C,1,0,0,0,0,,,11,52
VA,VA12345,11112024,0883,0,311,4,2041,2048,2129,2136,C,1,0,0,0,0,,,86,22
VA,VA12345,11112024,0884,0,111,3,1157,1211,1302,1314,B,1,0,0,0,0,238336,51418,22,32
VA,VA12345,11122024,0885,0,322,1,0002,0017,0059,0107,A,1,0,0,0,0,,,52,33
VA,VA12345,11132024,0886,0,321,1,1828,1836,1913,1915,C,1,0,0,0,0,,,13,13
VA,VA12345,11132024,0887,0,400,1,0816,0831,0844,0851,B,1,0,0,0,0,,,51,13
VA,VA12345,11132024,0888,0,113,1,1144,1203,1254,1300,B,1,0,0,0,0,43956,1671,22,22
VA,VA12345,11142024,0889,0,311,4,2036,2046,2108,2119,C,1,0,0,0,0,,,22,22
VA,VA12345,11142024,0890,0,311,1,1654,1659,1724,1735,C,1,0,0,0,0,,,33,12
VA,VA12345,11142024,0891,0,142,3,1457,1513,1552,1603,B,1,0,0,0,0,19210,8097,22,21
VA,VA12345,11152024,0892,0,321,1,2100,2109,2135,2141,C,1,0,0,0,0,,,32,86
VA,VA12345,11152024,0893,0,611,4,1436,1451,1515,1520,B,1,0,0,0,0,,,86,33
VA,VA12345,11152024,0894,0,621,3,0535,0551,0600,0609,A,1,0,0,0,0,,,32,32
VA,VA12345,11162024,0895,0,311,1,0338,0345,0409,0412,A,1,0,0,0,0,,,52,21
VA,VA12345,11162024,0896,0,611,1,1334,1343,1411,1414,B,1,0,0,0,0,,,52,32
VA,VA12345,11172024,0897,0,321,1,1619,1627,1707,1719,C,1,0,0,0,0,,,51,12
VA,VA12345,11182024,0898,0,321,3,0932,0948,1019,1025,B,1,0,0,0,0,,,21,13
VA,VA12345,11182024,0899,0,321,1,2311,2325,0007,0016,C,1,0,0,0,0,,,21,86
VA,VA12345,11192024,0900,0,500,1,1734,1751,1802,1807,C,1,0,0,0,0,,,51,52
VA,VA12345,11192024,0901,0,131,1,1043,1051,1201,1205,B,1,0,0,0,0,33845,7630,51,32
VA,VA12345,11202024,0902,0,311,1,2019,2030,2104,2111,C,1,0,0,0,1,,,12,11
VA,VA12345,11202024,0903,0,321,4,2222,2234,2303,2305,C,1,0,0,0,0,,,11,86
VA,VA12345,11202024,0904,0,311,3,1324,1341,1406,1417,B,1,0,0,0,0,,,21,52
VA,VA12345,11202024,0905,0,424,1,1302,1320,1350,1359,B,1,0,0,0,0,,,86,51
VA,VA12345,11212024,0906,0,611,1,1528,1539,1551,1554,B,1,0,0,0,0,,,52,51
VA,VA12345,11212024,0907,0,113,1,1535,1545,1714,1726,B,1,0,0,0,0,25575,12336,21,32
VA,VA12345,11222024,0908,0,311,1,1321,1331,1344,1348,B,1,0,0,0,0,,,33,11
VA,VA12345,11222024,0909,0,311,3,2132,2139,2223,2230,C,1,0,0,0,0,,,52,13
VA,VA12345,11222024,0910,0,114,3,2249,2306,0031,0034,C,1,0,0,0,0,66485,27796,51,21
VA,VA12345,11232024,0911,0,651,1,1356,1411,1429,1432,B,1,0,0,0,0,,,12,11
VA,VA12345,11232024,0912,0,111,1,1218,1225,1246,1251,B,1,0,0,0,0,199997,93670,32,52
VA,VA12345,11232024,0913,0,611,1,2157,2205,2217,2222,C,1,0,0,0,0,,,22,33
VA,VA12345,11242024,0914,0,311,1,2059,2107,2138,2142,C,1,0,0,0,0,,,11,22
VA,VA12345,11242024,0915,0,131,1,2028,2035,2151,2156,C,3,0,0,0,0,11042,3668,33,52
VA,VA12345,11252024,0916,0,142,1,1807,1813,1935,1946,C,1,0,0,0,0,13791,8031,51,33
VA,VA12345,11252024,0917,0,111,1,0729,0748,0901,0909,A,1,0,0,0,0,158825,38062,13,12
VA,VA12345,11252024,0918,0,621,1,2001,2018,2046,2053,C,1,0,0,0,0,,,22,22
VA,VA12345,11262024,0919,0,311,1,0551,0602,0640,0644,A,1,0,0,0,0,,,22,86
VA,VA12345,11262024,0920,0,424,1,2007,2018,2032,2038,C,1,0,0,0,0,,,11,86
VA,VA12345,11272024,0921,0,111,1,0230,0241,0306,0316,A,1,0,0,0,0,138379,20074,12,13
VA,VA12345,11282024,0922,0,611,1,2354,0003,0030,0042,C,1,0,0,0,0,,,33,86
VA,VA12345,11282024,0923,0,341,1,2242,2256,2322,2327,C,1,0,0,0,0,,,13,13
VA,VA12345,11282024,0924,0,611,1,1818,1825,1840,1846,C,1,0,0,0,0,,,52,33
VA,VA12345,11282024,0925,0,311,4,1456,1506,1545,1552,B,1,0,0,0,0,,,12,11
VA,VA12345,11292024,0926,0,111,1,1911,1927,2017,2021,C,1,0,0,0,0,231309,61170,21,32
VA,VA12345,11292024,0927,0,321,3,1316,1331,1400,1412,B,1,0,0,0,0,,,21,33
VA,VA12345,11292024,0928,0,321,1,1306,1324,1409,1415,B,1,0,0,0,0,,,13,32
VA,VA12345,11302024,0929,0,311,3,0745,0755,0835,0843,A,1,0,0,0,0,,,12,33
VA,VA12345,11302024,0930,0,322,3,0953,1000,1034,1044,B,1,0,0,0,0,,,33,86
VA,VA12345,11302024,0931,0,621,4,1544,1554,1607,1610,B,1,0,0,0,0,,,22,33
VA,VA12345,11302024,0932,0,311,1,2239,2248,2303,2311,C,1,0,0,0,0,,,86,22
VA,VA12345,12012024,0933,0,111,4,1819,1836,1935,1940,C,1,0,0,0,0,122009,39780,12,22
VA,VA12345,12012024,0934,0,321,1,1725,1735,1751,1756,C,1,0,0,0,0,,,22,32
VA,VA12345,12022024,0935,0,321,3,1900,1914,1932,1944,C,1,0,0,0,0,,,52,21
VA,VA12345,12022024,0936,0,651,1,0856,0906,0915,0923,B,1,0,0,0,0,,,21,51
VA,VA12345,12032024,0937,0,113,1,1006,1015,1138,1146,B,1,0,0,0,0,21493,17140,86,12
VA,VA12345,12032024,0938,0,651,1,1716,1720,1731,1740,C,1,0,0,0,0,,,21,33
VA,VA12345,12032024,0939,0,311,4,1636,1643,1701,1712,C,1,0,0,0,0,,,86,52
VA,VA12345,12042024,0940,0,341,1,1325,1334,1402,1411,B,1,0,0,0,0,,,12,11
VA,VA12345,12042024,0941,0,111,1,1011,1018,1115,1123,B,1,0,0,0,0,145195,44258,21,11
VA,VA12345,12052024,0942,0,651,3,1144,1202,1215,1220,B,1,0,0,0,0,,,86,22
VA,VA12345,12062024,0943,0,321,4,1139,1149,1220,1223,B,1,0,0,0,0,,,12,32
VA,VA12345,12062024,0944,0,321,1,1045,1103,1143,1150,B,1,0,0,0,0,,,33,33
VA,VA12345,12062024,0945,0,321,1,1135,1151,1207,1212,B,1,0,0,0,0,,,51,22
VA,VA12345,12062024,0946,0,311,3,1834,1845,1903,1909,C,1,0,0,0,0,,,11,32
VA,VA12345,12072024,0947,0,651,1,1542,1553,1608,1613,B,1,0,0,0,0,,,51,32
VA,VA12345,12082024,0948,0,311,3,1428,1439,1502,1512,B,1,0,0,0,0,,,51,86
VA,VA12345,12082024,0949,0,311,1,1916,1925,1957,2007,C,1,0,0,0,0,,,32,33
VA,VA12345,12082024,0950,0,651,3,1606,1621,1639,1642,C,1,0,0,0,0,,,32,21
VA,VA12345,12082024,0951,0,111,1,1153,1207,1322,1325,B,3,0,0,0,0,118765,16359,86,13
VA,VA12345,12092024,0952,0,321,4,2217,2232,2315,2323,C,1,0,0,0,0,,,51,33
VA,VA12345,12092024,0953,0,311,3,1819,1828,1900,1902,C,1,0,0,0,0,,,13,52
VA,VA12345,12102024,0954,0,311,1,0912,0919,0932,0944,B,1,0,0,0,0,,,12,12
VA,VA12345,12102024,0955,0,131,1,1230,1238,1310,1316,B,1,0,0,0,0,14573,4513,86,13
VA,VA12345,12102024,0956,0,113,1,1248,1254,1321,1331,B,1,0,1,0,1,26421,13107,51,11
VA,VA12345,12102024,0957,0,321,3,1936,1942,2006,2018,C,1,0,0,0,0,,,22,52
VA,VA12345,12112024,0958,0,611,1,1211,1224,1236,1245,B,1,0,0,0,0,,,13,51
VA,VA12345,12112024,0959,0,311,1,2106,2120,2205,2209,C,1,0,0,0,0,,,21,33
VA,VA12345,12112024,0960,0,311,1,2050,2104,2120,2127,C,1,0,0,0,0,,,12,11
VA,VA12345,12122024,0961,0,522,4,2151,2203,2213,2225,C,1,0,0,0,0,,,12,33
VA,VA12345,12122024,0962,0,311,4,1718,1737,1801,1807,C,1,0,0,0,1,,,13,86
VA,VA12345,12132024,0963,0,311,4,1539,1558,1628,1640,B,1,0,0,0,0,,,52,52
VA,VA12345,12132024,0964,0,311,1,1541,1553,1606,1608,B,1,0,0,0,0,,,12,33
VA,VA12345,12132024,0965,0,321,1,1411,1418,1436,1445,B,1,0,0,0,0,,,32,52
VA,VA12345,12132024,0966,0,111,1,1700,1710,1744,1750,C,1,0,0,0,0,182214,37933,86,12
VA,VA12345,12142024,0967,0,311,4,1042,1059,1130,1135,B,1,0,0,0,0,,,12,12
VA,VA12345,12142024,0968,0,142,4,1157,1208,1229,1241,B,1,0,0,0,0,22892,2074,13,22
VA,VA12345,12142024,0969,0,113,4,2131,2139,2231,2243,C,1,0,0,0,0,12110,4412,12,32
VA,VA12345,12152024,0970,0,522,1,2235,2242,2306,2308,C,1,0,0,0,0,,,13,13
VA,VA12345,12152024,0971,0,311,3,1039,1051,1105,1117,B,1,0,0,0,0,,,52,11
VA,VA12345,12162024,0972,0,142,1,2258,2308,2335,2343,C,1,0,0,0,0,23561,7390,11,21
VA,VA12345,12162024,0973,0,321,3,0515,0529,0551,0555,A,1,0,0,0,0,,,33,11
VA,VA12345,12162024,0974,0,341,1,1610,1621,1630,1634,C,1,0,0,1,0,,,12,52
VA,VA12345,12162024,0975,0,424,1,0714,0727,0752,0755,A,1,0,0,0,0,,,51,52
VA,VA12345,12172024,0976,0,400,4,1258,1314,1330,1337,B,1,0,0,0,0,,,86,32
VA,VA12345,12172024,0977,0,341,4,0840,0851,0904,0911,B,3,0,0,0,0,,,33,32
VA,VA12345,12172024,0978,0,522,1,2308,2317,2337,2345,C,1,0,0,0,0,,,86,86
VA,VA12345,12182024,0979,0,311,3,1415,1429,1453,1505,B,1,0,0,0,0,,,86,51
VA,VA12345,12182024,0980,0,321,1,1009,1020,1058,1100,B,1,0,0,0,0,,,33,12
VA,VA12345,12182024,0981,0,111,4,0928,0939,1021,1027,B,1,0,0,0,0,119500,61908,86,21
VA,VA12345,12192024,0982,0,131,1,1047,1059,1226,1238,B,1,0,0,1,0,9728,6231,13,86
VA,VA12345,12192024,0983,0,311,1,2122,2130,2201,2204,C,1,0,0,0,0,,,86,22
VA,VA12345,12202024,0984,0,611,3,1557,1608,1619,1629,B,1,0,0,0,0,,,51,32
VA,VA12345,12202024,0985,0,621,1,2342,2350,2359,0003,C,1,0,0,0,0,,,86,21
VA,VA12345,12202024,0986,0,311,1,1611,1622,1656,1703,C,1,0,0,0,0,,,12,22
VA,VA12345,12212024,0987,0,500,4,0759,0814,0832,0838,A,1,0,0,0,0,,,21,11
VA,VA12345,12212024,0988,0,311,3,1637,1647,1715,1720,C,1,0,0,0,0,,,22,11
VA,VA12345,12212024,0989,0,311,1,1744,1757,1830,1832,C,1,0,0,0,0,,,33,11
VA,VA12345,12222024,0990,0,321,1,1647,1659,1723,1732,C,1,0,0,0,0,,,86,33
VA,VA12345,12222024,0991,0,311,3,2050,2058,2132,2138,C,1,0,0,0,0,,,13,86
VA,VA12345,12222024,0992,0,114,1,2057,2114,2147,2152,C,1,0,0,0,0,19884,1316,11,86
VA,VA12345,12222024,0993,0,113,1,2039,2056,2158,2210,C,1,0,0,0,0,17161,3504,13,11
VA,VA12345,12232024,0994,0,311,1,1343,1358,1415,1423,B,1,0,0,0,0,,,21,52
VA,VA12345,12232024,0995,0,311,1,1830,1841,1904,1914,C,1,0,0,0,0,,,52,32
VA,VA12345,12232024,0996,0,424,1,1844,1851,1909,1914,C,1,0,0,0,0,,,51,32
VA,VA12345,12232024,0997,0,311,4,1352,1405,1417,1429,B,1,0,0,0,0,,,86,11
VA,VA12345,12232024,0998,0,311,3,1652,1659,1716,1723,C,1,0,0,0,0,,,13,52
VA,VA12345,12242024,0999,0,500,1,1347,1400,1417,1426,B,1,0,0,0,0,,,86,12
VA,VA12345,12242024,1000,0,311,1,1329,1343,1424,1433,B,1,0,0,0,1,,,22,86
VA,VA12345,12252024,1001,0,321,4,1255,1307,1319,1327,B,1,0,0,0,0,,,11,12
VA,VA12345,12252024,1002,0,311,1,1417,1428,1505,1509,B,1,0,0,0,0,,,52,21
VA,VA12345,12252024,1003,0,131,1,1354,1403,1436,1439,B,1,0,0,0,0,15091,7621,21,11
VA,VA12345,12262024,1004,0,322,1,1219,1235,1254,1305,B,1,0,0,0,0,,,22,86
VA,VA12345,12262024,1005,0,113,1,1530,1542,1655,1700,B,1,0,0,0,0,36207,9692,33,86
VA,VA12345,12262024,1006,0,322,3,1521,1531,1557,1608,B,1,0,0,0,0,,,11,86
VA,VA12345,12272024,1007,0,311,3,1406,1420,1452,1455,B,1,0,0,0,0,,,51,13
VA,VA12345,12272024,1008,0,311,1,1349,1406,1427,1434,B,1,0,0,1,0,,,52,21
VA,VA12345,12282024,1009,0,651,3,2231,2248,2316,2321,C,1,0,0,0,0,,,33,33
VA,VA12345,12292024,1010,0,311,1,1150,1158,1226,1231,B,1,0,0,0,0,,,86,21
VA,VA12345,12302024,1011,0,321,1,1324,1343,1415,1418,B,1,0,0,0,0,,,52,22
VA,VA12345,12302024,1012,0,131,1,1101,1115,1236,1243,B,1,0,0,0,0,20960,3716,86,52
